accel_x,accel_y,accel_z,gyro_x,gyro_y,gyro_z,tmp
0.026,-0.092,0.234,0.595,0.313,-0.504,7.008
0.047,-0.160,0.411,1.198,0.796,-0.653,12.264
0.063,-0.211,0.548,1.689,1.543,-0.352,16.198
0.075,-0.250,0.653,1.969,2.161,0.072,19.141
0.083,-0.279,0.734,2.164,2.270,0.409,21.361
0.089,-0.301,0.796,2.291,2.096,0.681,23.015
0.093,-0.318,0.843,2.245,1.896,0.892,24.267
0.096,-0.331,0.878,2.126,1.559,0.913,25.222
0.099,-0.340,0.906,1.927,1.089,0.899,25.916
0.100,-0.346,0.926,1.644,0.855,0.957,26.439
0.100,-0.350,0.942,1.237,0.939,1.019,26.833
0.098,-0.353,0.956,0.679,1.250,1.081,27.121
0.094,-0.356,0.968,-0.101,1.781,1.273,27.341
0.089,-0.360,0.976,-1.187,2.160,1.286,27.517
0.083,-0.362,0.978,-2.424,2.151,1.118,27.652
0.079,-0.363,0.974,-3.669,1.926,0.934,27.750
0.075,-0.365,0.964,-4.741,2.028,0.902,27.815
0.071,-0.367,0.952,-5.525,2.136,0.707,27.871
0.068,-0.369,0.940,-5.918,1.900,0.275,27.901
0.067,-0.369,0.930,-5.981,1.505,-0.305,27.936
0.068,-0.367,0.923,-5.631,0.778,-0.973,27.960
0.073,-0.365,0.918,-4.971,-0.104,-1.551,27.970
0.080,-0.361,0.916,-4.339,-0.658,-1.758,27.981
0.086,-0.358,0.916,-3.850,-0.757,-1.597,27.992
0.091,-0.356,0.917,-3.452,-0.411,-1.274,28.011
0.092,-0.355,0.919,-3.185,0.195,-0.910,28.012
0.093,-0.355,0.920,-2.923,0.746,-0.652,28.009
0.092,-0.356,0.919,-2.547,0.949,-0.516,28.011
0.093,-0.356,0.916,-2.139,0.910,-0.490,28.020
0.096,-0.356,0.912,-1.658,0.839,-0.444,28.029
0.099,-0.357,0.908,-0.950,1.003,-0.199,28.037
0.101,-0.358,0.908,-0.048,1.493,0.198,28.053
0.101,-0.360,0.913,0.907,1.753,0.656,28.050
0.101,-0.362,0.919,1.894,1.471,0.931,28.037
0.103,-0.362,0.928,2.771,0.989,1.290,28.040
0.103,-0.361,0.937,3.334,0.753,1.933,28.036
0.103,-0.361,0.943,3.440,0.897,2.751,28.038
0.102,-0.362,0.948,3.003,1.650,3.609,28.044
0.099,-0.364,0.952,2.176,2.577,4.337,28.033
0.093,-0.366,0.953,1.361,3.059,4.741,28.033
0.088,-0.368,0.949,0.788,2.821,4.693,28.032
0.085,-0.371,0.942,0.446,2.436,4.482,28.036
0.083,-0.373,0.937,0.239,2.132,4.300,28.029
0.082,-0.375,0.931,0.183,1.515,4.034,28.037
0.083,-0.377,0.927,0.332,0.831,3.713,28.046
0.084,-0.377,0.926,0.646,0.246,3.445,28.044
0.087,-0.377,0.927,1.213,-0.209,3.320,28.056
0.090,-0.376,0.931,1.834,-0.729,3.238,28.044
0.093,-0.374,0.937,2.364,-1.127,3.268,28.033
0.095,-0.371,0.944,2.651,-1.059,3.505,28.029
0.094,-0.367,0.949,2.530,-0.691,3.671,28.026
0.093,-0.364,0.953,2.054,0.024,3.776,28.023
0.090,-0.362,0.957,1.472,0.892,3.885,28.023
0.089,-0.362,0.955,0.909,1.123,3.788,28.023
0.090,-0.362,0.951,0.510,1.235,3.616,28.023
0.091,-0.362,0.949,0.329,1.785,3.723,28.021
0.091,-0.362,0.949,0.384,1.931,3.957,28.014
0.089,-0.363,0.950,0.884,1.410,4.067,28.020
0.087,-0.362,0.953,1.502,0.966,4.279,28.037
0.085,-0.361,0.956,1.932,0.709,4.583,28.033
0.083,-0.360,0.961,2.216,0.688,4.941,28.037
0.079,-0.361,0.964,2.109,1.112,5.477,28.026
0.073,-0.363,0.965,1.543,1.605,5.925,28.031
0.066,-0.366,0.961,0.845,2.001,5.978,28.035
0.060,-0.368,0.954,0.210,2.421,5.701,28.028
0.056,-0.371,0.948,-0.301,2.869,5.089,28.035
0.055,-0.374,0.944,-0.531,3.354,4.328,28.026
0.055,-0.376,0.942,-0.562,3.496,3.490,28.029
0.058,-0.377,0.940,-0.342,3.115,2.698,28.036
0.062,-0.377,0.937,0.110,2.756,2.176,28.029
0.066,-0.376,0.936,0.690,2.559,1.838,28.035
0.069,-0.377,0.938,1.307,2.500,1.730,28.042
0.071,-0.376,0.941,1.862,2.333,1.572,28.033
0.072,-0.374,0.945,2.309,2.131,1.305,28.047
0.073,-0.371,0.949,2.472,2.221,1.131,28.043
0.073,-0.368,0.952,2.293,2.478,0.952,28.040
0.073,-0.366,0.954,1.880,2.931,0.908,28.030
0.072,-0.364,0.957,1.357,3.489,0.906,28.028
0.069,-0.364,0.959,0.838,3.926,0.817,28.039
0.066,-0.365,0.959,0.308,4.124,0.586,28.043
0.064,-0.365,0.958,-0.143,4.261,0.291,28.038
0.063,-0.363,0.958,-0.374,4.199,-0.003,28.036
0.063,-0.362,0.959,-0.437,3.940,-0.102,28.041
0.061,-0.359,0.960,-0.324,3.466,-0.061,28.035
0.060,-0.358,0.961,-0.056,2.741,-0.030,28.034
0.058,-0.357,0.961,0.240,2.037,0.065,28.041
0.056,-0.356,0.959,0.299,1.581,0.163,28.039
0.055,-0.356,0.956,0.159,1.613,0.321,28.045
0.055,-0.356,0.954,-0.171,2.084,0.580,28.045
0.055,-0.356,0.952,-0.712,2.719,0.905,28.051
0.053,-0.358,0.951,-1.202,3.433,1.240,28.062
0.050,-0.360,0.952,-1.466,4.162,1.628,28.062
0.045,-0.363,0.953,-1.562,4.301,1.710,28.056
0.041,-0.366,0.956,-1.389,3.962,1.378,28.058
0.040,-0.367,0.957,-1.232,3.521,0.926,28.055
0.039,-0.367,0.956,-1.134,2.927,0.454,28.045
0.037,-0.367,0.955,-1.026,2.444,0.005,28.048
0.035,-0.367,0.953,-1.102,2.165,-0.477,28.040
0.034,-0.367,0.950,-1.170,1.998,-1.091,28.024
0.035,-0.367,0.947,-1.232,1.914,-1.818,28.032
0.038,-0.367,0.944,-1.359,1.741,-2.558,28.033
0.043,-0.366,0.941,-1.374,1.634,-3.110,28.041
0.048,-0.366,0.939,-1.344,1.741,-3.473,28.046
0.052,-0.366,0.938,-1.191,1.802,-3.754,28.046
0.056,-0.365,0.937,-0.806,1.680,-4.063,28.046
0.061,-0.365,0.939,-0.337,1.420,-4.296,28.041
0.067,-0.363,0.942,0.091,1.118,-4.317,28.048
0.074,-0.361,0.945,0.431,0.820,-4.131,28.046
0.079,-0.359,0.949,0.563,0.863,-3.583,28.042
0.082,-0.357,0.951,0.468,1.254,-2.748,28.028
0.083,-0.357,0.954,0.248,1.830,-1.779,28.033
0.083,-0.358,0.957,-0.001,2.239,-0.930,28.026
0.082,-0.358,0.961,-0.180,2.374,-0.174,28.024
0.080,-0.358,0.962,-0.234,2.154,0.388,28.029
0.078,-0.358,0.963,-0.164,1.631,0.864,28.036
0.076,-0.357,0.964,-0.054,1.124,1.507,28.042
0.072,-0.358,0.963,-0.014,0.694,2.210,28.046
0.068,-0.359,0.963,-0.011,0.360,2.902,28.052
0.062,-0.359,0.961,-0.115,0.190,3.524,28.037
0.058,-0.359,0.958,-0.430,0.070,4.040,28.032
0.055,-0.360,0.953,-0.792,0.072,4.679,28.033
0.052,-0.360,0.949,-1.227,0.271,5.104,28.037
0.048,-0.362,0.948,-1.829,0.772,5.588,28.037
0.044,-0.363,0.948,-2.379,1.220,6.389,28.038
0.039,-0.367,0.948,-2.636,1.129,7.582,28.044
0.032,-0.373,0.949,-2.484,0.797,9.309,28.045
0.021,-0.379,0.951,-2.016,0.751,11.745,28.039
-0.003,-0.391,0.957,-1.684,1.662,13.927,28.045
-0.057,-0.413,0.969,-0.938,3.811,13.865,28.048
-0.141,-0.444,0.992,-0.605,5.920,9.078,28.045
-0.267,-0.486,1.024,-1.175,7.894,-3.180,28.042
-0.445,-0.537,1.055,-4.496,9.760,-28.881,28.037
-0.605,-0.558,1.033,-13.994,8.824,-72.081,28.034
-0.674,-0.555,1.001,-25.327,1.347,-116.591,28.039
-0.613,-0.521,0.948,-33.114,-13.650,-149.974,28.043
-0.427,-0.447,0.910,-41.225,-19.394,-175.011,28.052
-0.165,-0.360,0.874,-47.579,-13.114,-193.789,28.045
0.080,-0.306,0.847,-45.783,-7.103,-207.872,28.039
0.274,-0.259,0.820,-37.330,-7.247,-205.095,28.043
0.397,-0.218,0.800,-25.341,-9.996,-190.611,28.058
0.459,-0.179,0.807,-13.155,-12.066,-171.317,28.051
0.493,-0.137,0.852,-4.667,-11.271,-151.205,28.062
0.523,-0.098,0.913,-2.119,-7.980,-130.843,28.060
0.575,-0.060,0.971,-5.097,-3.981,-108.167,28.068
0.647,-0.024,1.015,-11.773,-0.314,-81.068,28.059
0.718,0.003,1.039,-19.158,3.650,-48.003,28.048
0.757,0.014,1.032,-24.876,9.436,-10.044,28.056
0.760,0.016,1.004,-27.417,14.127,29.742,28.048
0.736,0.002,0.961,-25.387,16.744,70.211,28.044
0.690,-0.020,0.908,-18.620,16.134,109.624,28.039
0.625,-0.049,0.863,-7.446,14.475,144.750,28.052
0.535,-0.093,0.837,7.095,13.822,171.095,28.061
0.404,-0.148,0.844,22.771,15.832,190.854,28.065
0.229,-0.222,0.849,34.834,20.095,205.673,28.064
0.034,-0.268,0.857,41.561,23.274,214.804,28.060
-0.128,-0.329,0.864,40.514,26.665,207.897,28.057
-0.254,-0.397,0.892,34.435,25.541,182.843,28.056
-0.320,-0.450,0.917,29.460,19.003,148.021,28.050
-0.312,-0.468,0.926,25.042,7.851,111.027,28.057
-0.257,-0.466,0.934,19.682,-2.382,80.106,28.053
-0.185,-0.452,0.939,14.288,-6.466,58.893,28.051
-0.122,-0.438,0.939,9.693,-5.705,45.544,28.046
-0.086,-0.433,0.938,6.972,-3.423,37.081,28.054
-0.076,-0.432,0.934,6.451,-2.579,30.910,28.060
-0.078,-0.430,0.933,7.479,-4.583,24.885,28.053
-0.076,-0.425,0.937,9.025,-8.090,18.889,28.048
-0.067,-0.416,0.946,10.498,-10.755,13.655,28.051
-0.051,-0.404,0.960,11.374,-11.825,9.867,28.058
-0.027,-0.390,0.974,11.294,-11.510,7.263,28.057
-0.005,-0.376,0.984,10.180,-10.301,5.573,28.055
0.014,-0.363,0.989,8.509,-8.256,5.027,28.059
0.031,-0.354,0.993,6.882,-5.688,5.454,28.060
0.040,-0.347,0.995,5.444,-2.965,6.281,28.050
0.043,-0.345,0.995,4.255,-1.002,7.230,28.057
0.042,-0.344,0.993,3.367,-0.225,7.961,28.068
0.040,-0.345,0.986,2.727,-0.199,8.123,28.073
0.038,-0.346,0.977,2.221,-0.039,7.955,28.074
0.034,-0.349,0.969,1.826,0.318,7.283,28.069
0.030,-0.352,0.962,1.408,-0.357,6.016,28.060
0.030,-0.354,0.957,0.957,-1.916,4.519,28.062
0.032,-0.355,0.953,0.450,-3.445,3.286,28.062
0.034,-0.356,0.951,-0.193,-4.439,2.747,28.051
0.034,-0.357,0.951,-0.847,-4.791,2.732,28.056
0.029,-0.360,0.952,-1.631,-4.998,2.935,28.053
0.031,-0.362,0.954,-3.143,-5.214,4.251,28.058
0.036,-0.366,0.959,-4.148,-4.143,3.627,28.053
0.033,-0.369,0.957,-4.718,-3.191,2.365,28.051
0.036,-0.370,0.954,-5.088,-2.718,1.068,28.062
0.040,-0.371,0.952,-5.167,-2.332,-0.088,28.052
0.044,-0.371,0.949,-4.818,-1.906,-0.952,28.059
0.048,-0.371,0.947,-4.064,-1.571,-1.557,28.060
0.052,-0.371,0.947,-3.235,-1.086,-1.870,28.057
0.055,-0.370,0.948,-2.510,-0.528,-2.101,28.056
0.058,-0.368,0.949,-1.886,-0.053,-2.236,28.054
0.061,-0.365,0.951,-1.476,0.701,-2.124,28.062
0.063,-0.362,0.953,-1.221,1.674,-1.719,28.064
0.063,-0.359,0.955,-1.084,2.504,-1.083,28.066
0.060,-0.357,0.956,-1.008,3.317,-0.316,28.073
0.056,-0.356,0.957,-0.851,3.900,0.400,28.068
0.049,-0.357,0.958,-0.570,3.963,0.724,28.073
0.042,-0.359,0.959,-0.259,3.575,0.558,28.080
0.037,-0.360,0.959,-0.256,3.078,0.209,28.074
0.035,-0.361,0.958,-0.508,2.702,-0.183,28.069
0.034,-0.361,0.955,-0.843,2.515,-0.599,28.073
0.034,-0.360,0.953,-1.213,2.371,-0.961,28.059
0.036,-0.360,0.952,-1.600,2.137,-1.144,28.056
0.039,-0.361,0.952,-1.933,1.752,-1.110,28.054
0.042,-0.362,0.951,-2.217,1.363,-0.939,28.052
0.044,-0.363,0.948,-2.483,1.179,-0.663,28.056
0.045,-0.365,0.946,-2.664,1.167,-0.298,28.054
0.046,-0.365,0.943,-2.632,0.886,-0.010,28.068
0.048,-0.366,0.941,-2.352,0.421,0.191,28.078
0.049,-0.366,0.940,-1.920,0.155,0.269,28.072
0.050,-0.367,0.939,-1.578,0.067,0.377,28.070
0.050,-0.368,0.940,-1.263,0.134,0.516,28.068
0.049,-0.369,0.942,-0.963,0.219,0.585,28.076
0.048,-0.370,0.944,-0.707,0.225,0.718,28.069
0.048,-0.371,0.945,-0.511,0.100,0.847,28.071
0.048,-0.372,0.947,-0.318,-0.093,1.048,28.081
0.047,-0.372,0.947,-0.197,-0.134,1.305,28.070
0.046,-0.372,0.947,-0.106,-0.021,1.597,28.078
0.044,-0.372,0.948,0.112,0.046,1.789,28.082
0.043,-0.371,0.949,0.355,-0.222,1.762,28.079
0.043,-0.370,0.950,0.510,-0.784,1.680,28.085
0.044,-0.369,0.952,0.474,-1.111,1.737,28.083
0.044,-0.368,0.953,0.188,-0.917,1.963,28.074
0.043,-0.368,0.954,-0.348,-0.467,2.228,28.071
0.040,-0.369,0.953,-0.883,-0.236,2.259,28.073
0.038,-0.369,0.949,-1.162,-0.387,1.954,28.070
0.038,-0.369,0.946,-1.265,-0.523,1.683,28.066
0.040,-0.369,0.945,-1.292,-0.510,1.674,28.062
0.041,-0.368,0.944,-1.255,-0.730,1.832,28.064
0.042,-0.367,0.943,-1.121,-1.090,2.011,28.065
0.040,-0.368,0.943,-0.867,-1.229,2.138,28.069
0.037,-0.368,0.942,-0.757,-1.258,2.100,28.061
0.036,-0.368,0.942,-0.747,-1.497,1.789,28.065
0.037,-0.367,0.941,-0.713,-1.894,1.376,28.061
0.039,-0.366,0.940,-0.756,-1.859,1.150,28.063
0.042,-0.366,0.939,-0.999,-1.078,1.218,28.065
0.043,-0.367,0.941,-1.371,-0.114,1.425,28.057
0.045,-0.368,0.942,-1.643,0.342,1.519,28.056
0.046,-0.369,0.943,-1.598,0.165,1.590,28.060
0.048,-0.369,0.944,-1.344,-0.174,1.872,28.058
0.048,-0.370,0.944,-1.126,-0.592,2.442,28.071
0.049,-0.372,0.944,-0.929,-0.906,3.148,28.069
0.049,-0.374,0.944,-0.448,-0.844,3.315,28.077
0.047,-0.375,0.945,-0.035,-0.793,3.353,28.070
0.046,-0.376,0.949,0.226,-0.831,3.343,28.066
0.046,-0.376,0.953,0.341,-0.856,3.271,28.069
0.046,-0.377,0.955,0.428,-0.875,3.216,28.071
0.046,-0.376,0.959,0.317,-0.675,3.275,28.071
0.047,-0.374,0.962,0.173,-0.533,3.399,28.063
0.047,-0.373,0.964,0.069,-0.499,3.538,28.073
0.048,-0.371,0.965,-0.082,-0.443,3.802,28.070
0.048,-0.370,0.964,-0.264,-0.336,4.237,28.060
0.048,-0.368,0.960,-0.385,-0.256,4.789,28.073
0.048,-0.366,0.956,-0.407,-0.013,5.660,28.082
0.049,-0.364,0.953,-0.252,0.380,6.779,28.081
0.050,-0.364,0.952,0.166,0.468,7.726,28.076
0.049,-0.362,0.951,0.655,0.141,8.554,28.077
0.049,-0.362,0.950,1.010,-0.047,9.614,28.081
0.048,-0.363,0.950,1.143,0.320,11.023,28.088
0.046,-0.364,0.950,1.014,0.694,12.775,28.080
0.041,-0.368,0.955,0.760,1.116,15.158,28.077
0.017,-0.381,0.966,0.303,2.826,17.769,28.081
-0.048,-0.405,0.996,-0.815,6.955,18.819,28.081
-0.183,-0.452,1.052,-3.370,14.495,14.466,28.086
-0.434,-0.528,1.135,-8.127,23.276,-2.521,28.088
-0.765,-0.610,1.128,-16.832,29.667,-41.658,28.089
-1.053,-0.637,1.092,-30.078,24.777,-93.774,28.096
-1.155,-0.565,1.042,-44.769,3.598,-132.861,28.102
-0.933,-0.398,1.014,-61.218,-16.992,-162.176,28.096
-0.499,-0.257,1.007,-77.054,-19.492,-184.163,28.089
0.026,-0.163,0.980,-88.184,-12.207,-200.653,28.090
0.487,-0.091,0.922,-91.707,-14.048,-213.020,28.097
0.772,-0.009,0.868,-88.089,-16.254,-190.731,28.104
0.869,0.059,0.838,-79.662,-10.835,-144.548,28.098
0.849,0.065,0.806,-69.766,-0.943,-95.384,28.093
0.802,0.039,0.783,-58.851,2.808,-56.099,28.091
0.745,0.013,0.771,-45.661,0.789,-26.315,28.082
0.682,-0.013,0.768,-30.231,-2.675,-2.225,28.087
0.630,-0.049,0.762,-15.444,-5.285,18.492,28.083
0.601,-0.090,0.759,-2.217,-7.861,36.609,28.089
0.588,-0.129,0.756,10.467,-9.220,54.335,28.077
0.576,-0.164,0.751,22.267,-8.629,73.259,28.091
0.563,-0.192,0.753,32.146,-6.494,94.471,28.093
0.541,-0.212,0.759,40.686,-2.646,118.246,28.099
0.503,-0.223,0.769,48.427,1.180,143.234,28.106
0.442,-0.224,0.792,54.271,4.912,167.716,28.103
0.352,-0.222,0.822,57.974,8.378,188.319,28.093
0.237,-0.226,0.867,59.950,12.074,203.772,28.099
0.096,-0.254,0.926,59.817,19.017,215.361,28.088
-0.065,-0.322,0.966,57.642,29.767,216.578,28.083
-0.213,-0.384,0.985,51.823,34.615,202.334,28.090
-0.296,-0.436,0.991,44.665,29.110,174.056,28.099
-0.309,-0.464,0.994,37.231,18.107,140.233,28.097
-0.272,-0.468,0.996,30.969,8.833,110.785,28.104
-0.218,-0.463,0.993,26.498,3.903,89.639,28.108
-0.167,-0.460,0.987,23.507,1.175,75.527,28.100
-0.132,-0.456,0.978,22.161,-1.973,66.439,28.101
-0.114,-0.451,0.973,21.892,-5.881,60.551,28.097
-0.118,-0.449,0.975,22.194,-8.789,56.318,28.094
-0.137,-0.450,0.981,22.195,-10.088,51.635,28.084
-0.157,-0.451,0.986,20.898,-10.321,45.200,28.089
-0.166,-0.447,0.989,18.506,-9.852,37.304,28.094
-0.159,-0.438,0.993,15.746,-8.190,29.280,28.098
-0.141,-0.425,0.995,12.824,-5.773,22.357,28.103
-0.118,-0.412,0.995,10.164,-3.558,17.073,28.095
-0.090,-0.400,0.997,8.306,-2.077,13.373,28.087
-0.065,-0.387,1.000,6.901,-0.882,11.408,28.088
-0.047,-0.377,1.001,5.737,0.491,11.151,28.088
-0.037,-0.372,0.999,5.055,2.097,11.703,28.081
-0.034,-0.368,0.995,4.860,3.168,12.201,28.088
-0.035,-0.365,0.990,4.813,3.243,12.342,28.090
-0.037,-0.363,0.984,4.865,2.909,12.165,28.095
-0.039,-0.362,0.976,4.347,2.464,10.864,28.092
-0.036,-0.359,0.971,3.379,1.337,9.304,28.101
-0.034,-0.357,0.968,1.840,0.365,7.616,28.109
-0.034,-0.358,0.967,0.353,-0.058,5.681,28.105
-0.032,-0.358,0.967,-1.010,-0.624,3.490,28.098
-0.028,-0.356,0.967,-2.357,-1.727,1.282,28.101
-0.022,-0.354,0.967,-3.680,-2.483,-0.550,28.101
-0.016,-0.353,0.967,-4.764,-2.263,-1.974,28.101
-0.013,-0.353,0.967,-5.634,-1.728,-3.351,28.099
-0.010,-0.351,0.966,-6.485,-1.792,-4.753,28.104
-0.007,-0.351,0.962,-7.074,-2.050,-5.912,28.097
-0.004,-0.350,0.956,-7.172,-1.854,-6.789,28.106
0.001,-0.350,0.952,-7.020,-1.459,-7.237,28.109
0.004,-0.349,0.949,-6.639,-1.430,-7.199,28.119
0.007,-0.349,0.948,-6.010,-1.122,-6.563,28.124
0.005,-0.350,0.946,-4.935,-0.556,-5.815,28.126
0.001,-0.351,0.942,-3.590,-0.627,-5.556,28.126
0.001,-0.352,0.939,-2.529,-0.741,-5.461,28.110
0.003,-0.352,0.937,-1.954,0.315,-4.958,28.116
0.005,-0.352,0.936,-1.671,2.087,-4.059,28.118
0.006,-0.351,0.933,-1.151,3.103,-3.109,28.118
0.006,-0.352,0.929,-0.237,3.679,-2.099,28.118
0.004,-0.352,0.933,0.796,4.290,-1.078,28.121
0.001,-0.353,0.938,1.578,4.336,-0.083,28.115
-0.005,-0.356,0.942,2.340,3.660,0.537,28.107
-0.010,-0.359,0.945,3.094,2.673,0.536,28.102
-0.013,-0.361,0.951,3.264,1.936,0.326,28.110
-0.014,-0.362,0.956,2.593,1.799,0.286,28.117
-0.016,-0.365,0.960,1.479,2.075,0.291,28.102
-0.016,-0.366,0.962,0.598,1.831,0.035,28.106
-0.013,-0.366,0.962,0.109,0.907,-0.130,28.120
-0.008,-0.367,0.961,-0.186,-0.148,-0.082,28.118
-0.004,-0.368,0.959,-0.273,-0.931,0.064,28.127
-0.001,-0.369,0.957,-0.052,-1.336,0.002,28.123
0.002,-0.366,0.956,0.167,-1.639,-0.197,28.131
0.005,-0.363,0.958,0.316,-1.722,-0.167,28.139
0.007,-0.362,0.963,0.447,-1.826,-0.083,28.140
0.009,-0.360,0.966,0.190,-2.320,-0.104,28.132
0.011,-0.360,0.966,-0.395,-2.278,0.067,28.132
0.013,-0.360,0.966,-0.968,-1.277,0.420,28.142
0.011,-0.360,0.962,-1.543,-0.691,0.716,28.138
0.010,-0.361,0.957,-1.692,-0.858,0.869,28.133
0.008,-0.361,0.951,-1.479,-0.865,1.018,28.135
0.006,-0.361,0.947,-1.140,-0.545,1.313,28.142
0.004,-0.361,0.946,-0.580,-0.619,1.447,28.142
0.002,-0.360,0.945,0.057,-1.071,1.513,28.136
0.000,-0.359,0.946,0.974,-1.651,1.570,28.131
-0.001,-0.356,0.945,1.719,-2.165,1.593,28.126
0.000,-0.355,0.945,2.190,-2.254,1.771,28.120
0.001,-0.353,0.945,2.292,-1.774,2.077,28.119
0.000,-0.352,0.947,2.135,-1.052,2.439,28.138
-0.001,-0.351,0.945,1.895,-0.392,2.787,28.145
-0.003,-0.352,0.945,1.906,0.049,2.865,28.132
-0.004,-0.351,0.945,2.258,-0.009,2.783,28.130
-0.004,-0.349,0.946,2.399,-0.384,2.831,28.119
-0.004,-0.350,0.949,2.590,-0.441,3.318,28.117
-0.005,-0.351,0.951,2.465,-0.617,3.695,28.117
-0.009,-0.354,0.954,2.192,-0.860,3.737,28.127
-0.011,-0.356,0.956,1.877,-0.832,3.253,28.128
-0.015,-0.356,0.959,1.767,-0.391,2.985,28.141
-0.016,-0.358,0.961,1.592,-0.217,2.747,28.145
-0.017,-0.361,0.962,1.339,-0.457,1.953,28.146
-0.017,-0.361,0.963,1.088,-0.369,1.049,28.144
-0.016,-0.360,0.963,0.564,0.208,0.485,28.145
-0.015,-0.360,0.962,-0.035,0.679,0.280,28.144
-0.012,-0.359,0.960,-0.496,0.845,0.267,28.149
-0.010,-0.359,0.957,-0.856,1.023,0.380,28.139
-0.008,-0.359,0.953,-1.119,1.214,0.583,28.138
-0.007,-0.358,0.952,-1.168,1.094,0.769,28.144
-0.006,-0.357,0.951,-1.128,0.698,0.848,28.153
-0.007,-0.356,0.950,-0.956,0.249,0.662,28.154
-0.007,-0.355,0.950,-0.805,-0.008,0.428,28.153
-0.006,-0.354,0.953,-0.810,0.112,0.363,28.148
-0.005,-0.354,0.956,-0.867,0.348,0.394,28.146
-0.003,-0.354,0.958,-0.929,0.486,0.365,28.145
-0.002,-0.352,0.958,-1.082,0.418,0.415,28.140
-0.000,-0.352,0.958,-1.315,0.386,0.654,28.132
0.001,-0.351,0.957,-1.498,0.320,0.999,28.130
0.002,-0.350,0.953,-1.574,0.156,1.436,28.135
0.002,-0.350,0.950,-1.329,-0.116,1.947,28.148
0.002,-0.349,0.946,-0.829,-0.499,2.388,28.146
0.003,-0.348,0.942,-0.397,-0.619,2.928,28.151
0.004,-0.347,0.941,0.080,-0.239,3.532,28.148
0.005,-0.348,0.944,0.396,0.420,4.153,28.152
0.006,-0.348,0.948,0.740,0.876,4.878,28.151
0.007,-0.346,0.949,1.208,0.653,5.762,28.139
0.009,-0.345,0.949,1.692,0.185,6.955,28.137
0.009,-0.345,0.947,2.280,-0.129,8.445,28.132
0.005,-0.346,0.948,2.798,-0.329,10.082,28.128
-0.008,-0.353,0.953,3.141,-0.396,11.523,28.130
-0.047,-0.367,0.968,3.237,0.115,11.425,28.142
-0.126,-0.395,0.997,2.500,1.338,7.176,28.148
-0.290,-0.459,1.055,-0.239,5.748,-6.920,28.148
-0.571,-0.533,1.089,-5.744,10.601,-39.556,28.146
-0.902,-0.560,1.082,-13.766,6.409,-92.198,28.152
-1.035,-0.491,1.044,-24.111,-16.941,-131.679,28.155
-0.880,-0.362,1.026,-38.530,-35.924,-161.290,28.156
-0.492,-0.235,1.022,-57.527,-26.840,-183.498,28.164
-0.040,-0.171,0.993,-70.264,-17.015,-200.154,28.162
0.358,-0.126,0.935,-73.186,-22.601,-212.646,28.158
0.627,-0.062,0.885,-67.955,-27.943,-194.164,28.152
0.730,-0.026,0.850,-56.817,-27.431,-156.024,28.149
0.727,-0.010,0.812,-45.441,-23.478,-112.606,28.145
0.691,-0.009,0.799,-36.539,-16.833,-71.355,28.150
0.645,-0.026,0.803,-26.328,-11.782,-37.241,28.142
0.594,-0.043,0.817,-16.467,-9.840,-9.935,28.143
0.547,-0.064,0.829,-9.274,-7.399,14.011,28.147
0.522,-0.092,0.832,-4.421,-3.916,36.439,28.143
0.516,-0.124,0.829,-0.522,-0.074,58.929,28.139
0.516,-0.155,0.825,3.318,4.296,82.926,28.137
0.508,-0.182,0.818,7.802,8.626,109.225,28.142
0.484,-0.203,0.811,13.806,12.237,136.793,28.147
0.443,-0.215,0.807,21.133,15.002,164.659,28.152
0.380,-0.224,0.812,28.254,18.007,186.027,28.147
0.291,-0.233,0.833,34.229,23.322,202.053,28.147
0.177,-0.255,0.872,37.324,33.045,214.072,28.142
0.036,-0.297,0.933,37.505,45.017,222.676,28.147
-0.122,-0.345,0.973,35.163,51.156,218.297,28.144
-0.263,-0.395,0.990,30.284,48.348,201.708,28.143
-0.353,-0.436,0.994,24.977,38.883,174.346,28.136
-0.389,-0.463,0.987,20.633,26.555,140.950,28.128
-0.373,-0.474,0.977,17.567,15.313,108.602,28.123
-0.325,-0.477,0.972,15.541,7.371,82.745,28.135
-0.270,-0.475,0.972,14.156,2.898,64.586,28.135
-0.220,-0.470,0.970,13.163,-0.036,52.977,28.146
-0.181,-0.461,0.966,12.468,-3.119,46.447,28.145
-0.154,-0.450,0.962,12.286,-6.664,43.503,28.151
-0.139,-0.438,0.962,12.634,-9.387,42.971,28.160
-0.140,-0.430,0.969,13.231,-9.853,43.366,28.167
-0.156,-0.426,0.981,13.496,-8.592,42.223,28.180
-0.176,-0.420,0.989,13.000,-7.681,38.087,28.170
-0.188,-0.412,0.993,11.727,-7.135,31.096,28.167
-0.183,-0.403,0.995,10.082,-6.527,22.868,28.166
-0.160,-0.390,0.998,8.412,-5.467,15.662,28.175
-0.130,-0.377,1.000,7.065,-4.173,10.823,28.176
-0.103,-0.364,0.999,6.089,-3.229,8.564,28.185
-0.082,-0.357,0.996,5.376,-2.338,8.392,28.180
-0.070,-0.353,0.990,4.765,-1.276,9.451,28.178
-0.067,-0.351,0.981,4.085,-0.324,10.859,28.182
-0.068,-0.350,0.973,3.396,0.372,12.007,28.170
-0.071,-0.352,0.967,2.833,0.909,12.539,28.182
-0.075,-0.351,0.963,2.140,0.861,12.332,28.187
-0.078,-0.349,0.962,1.101,0.119,11.344,28.189
-0.080,-0.347,0.962,-0.002,-0.789,9.730,28.185
-0.080,-0.346,0.961,-1.082,-1.519,7.752,28.188
-0.079,-0.348,0.959,-1.750,-2.132,5.390,28.189
-0.077,-0.348,0.959,-2.557,-2.568,2.779,28.185
-0.072,-0.346,0.959,-3.609,-3.113,0.298,28.182
-0.064,-0.344,0.958,-4.855,-3.747,-1.666,28.175
-0.058,-0.342,0.957,-5.870,-3.994,-3.005,28.176
-0.055,-0.343,0.953,-6.391,-3.541,-4.017,28.179
-0.055,-0.344,0.949,-6.496,-2.950,-5.101,28.179
-0.055,-0.344,0.945,-6.334,-3.243,-6.505,28.176
-0.052,-0.342,0.941,-5.903,-4.222,-7.711,28.182
-0.045,-0.342,0.938,-5.011,-4.270,-8.176,28.174
-0.039,-0.342,0.936,-3.835,-2.973,-8.147,28.185
-0.038,-0.341,0.936,-3.025,-1.864,-7.790,28.176
-0.036,-0.341,0.936,-2.475,-1.470,-7.182,28.185
-0.035,-0.341,0.934,-1.860,-1.049,-6.383,28.180
-0.038,-0.343,0.934,-0.975,0.068,-5.726,28.185
-0.043,-0.344,0.936,0.074,0.860,-5.424,28.172
-0.044,-0.344,0.938,0.701,0.951,-5.164,28.176
-0.044,-0.346,0.941,1.064,1.022,-4.735,28.183
-0.045,-0.348,0.944,1.332,1.633,-4.071,28.182
-0.048,-0.350,0.946,1.304,2.381,-3.370,28.174
-0.052,-0.351,0.949,1.062,2.794,-2.634,28.175
-0.056,-0.355,0.950,0.820,2.981,-2.029,28.176
-0.059,-0.358,0.954,0.473,2.926,-1.652,28.175
-0.062,-0.361,0.955,0.222,2.374,-1.395,28.172
-0.063,-0.364,0.956,-0.074,1.323,-1.401,28.188
-0.064,-0.367,0.957,-0.369,0.500,-1.593,28.180
-0.064,-0.370,0.959,-0.685,0.012,-1.950,28.170
-0.063,-0.371,0.962,-1.052,-0.327,-2.318,28.169
-0.060,-0.372,0.963,-1.258,-0.600,-2.654,28.169
-0.057,-0.373,0.961,-1.474,-1.026,-3.193,28.176
-0.053,-0.372,0.963,-1.865,-1.453,-3.780,28.177
-0.048,-0.371,0.964,-2.078,-1.819,-4.163,28.170
-0.041,-0.369,0.963,-2.349,-2.078,-4.176,28.172
-0.036,-0.368,0.961,-2.529,-2.142,-3.998,28.176
-0.032,-0.367,0.958,-2.607,-2.172,-3.739,28.179
-0.029,-0.366,0.956,-2.672,-2.289,-3.404,28.181
-0.026,-0.364,0.954,-2.764,-2.537,-2.996,28.181
-0.025,-0.359,0.951,-2.687,-2.632,-2.319,28.188
-0.023,-0.357,0.947,-2.355,-1.947,-1.331,28.192
-0.025,-0.359,0.946,-1.579,-0.548,-0.575,28.191
-0.031,-0.359,0.948,-0.814,-0.049,-0.442,28.192
-0.033,-0.357,0.950,-0.431,-0.556,-0.504,28.187
-0.035,-0.355,0.952,-0.079,-0.920,-0.378,28.195
-0.037,-0.353,0.950,0.143,-0.553,0.037,28.185
-0.042,-0.355,0.951,0.550,0.268,0.379,28.194
-0.048,-0.358,0.950,1.130,1.156,0.136,28.190
-0.055,-0.359,0.952,1.241,1.523,-0.650,28.189
-0.057,-0.360,0.953,1.114,1.001,-1.686,28.191
-0.054,-0.358,0.952,0.942,0.270,-2.371,28.192
-0.049,-0.357,0.950,0.596,0.012,-2.508,28.201
-0.046,-0.355,0.950,0.352,-0.174,-2.072,28.203
-0.045,-0.357,0.944,-0.019,0.007,-1.386,28.209
-0.049,-0.359,0.943,-0.411,-0.129,-1.295,28.213
-0.052,-0.358,0.942,-0.591,-0.688,-1.593,28.215
-0.052,-0.357,0.943,-0.561,-1.047,-1.802,28.206
-0.049,-0.357,0.945,-0.600,-0.701,-1.756,28.205
-0.046,-0.358,0.951,-0.824,0.207,-1.519,28.205
-0.047,-0.358,0.954,-1.218,0.896,-1.223,28.206
-0.048,-0.358,0.956,-1.566,1.088,-0.963,28.205
-0.048,-0.359,0.957,-1.590,1.167,-0.818,28.205
-0.050,-0.361,0.957,-1.456,1.261,-0.934,28.206
-0.050,-0.362,0.958,-1.386,0.991,-1.342,28.211
-0.049,-0.362,0.958,-1.517,0.606,-1.697,28.209
-0.046,-0.362,0.958,-1.836,0.535,-1.754,28.212
-0.045,-0.364,0.956,-2.037,0.794,-1.724,28.213
-0.047,-0.366,0.954,-1.902,0.802,-2.045,28.221
-0.046,-0.366,0.951,-1.739,0.330,-2.503,28.224
-0.044,-0.366,0.950,-1.660,-0.184,-2.755,28.223
-0.041,-0.365,0.950,-1.638,-0.554,-2.792,28.214
-0.037,-0.364,0.951,-1.717,-0.667,-2.540,28.209
-0.035,-0.365,0.953,-1.879,-0.352,-1.962,28.214
-0.038,-0.367,0.954,-1.879,0.149,-1.609,28.211
-0.040,-0.367,0.954,-1.753,0.005,-1.665,28.211
-0.039,-0.367,0.954,-1.750,-0.497,-1.814,28.209
-0.037,-0.366,0.953,-1.835,-0.712,-1.841,28.206
-0.034,-0.364,0.952,-1.945,-0.530,-1.652,28.207
-0.033,-0.363,0.951,-1.894,-0.161,-1.212,28.206
-0.032,-0.363,0.949,-1.539,0.204,-0.749,28.205
-0.035,-0.364,0.947,-0.715,0.130,-0.737,28.207
-0.038,-0.364,0.946,0.254,-0.563,-1.171,28.202
-0.037,-0.363,0.948,1.022,-1.361,-1.680,28.206
-0.033,-0.362,0.949,1.316,-1.696,-1.867,28.196
-0.028,-0.361,0.949,1.140,-1.356,-1.633,28.192
-0.025,-0.359,0.948,0.798,-0.594,-0.992,28.198
-0.025,-0.359,0.948,0.625,-0.090,-0.126,28.207
-0.027,-0.358,0.947,0.717,-0.232,0.692,28.200
-0.027,-0.358,0.946,1.133,-0.731,1.401,28.211
-0.027,-0.358,0.947,1.426,-1.209,2.024,28.217
-0.027,-0.358,0.949,1.509,-1.510,2.579,28.227
-0.028,-0.359,0.950,1.433,-1.647,3.007,28.221
-0.030,-0.359,0.950,1.189,-1.484,3.263,28.224
-0.032,-0.359,0.950,0.919,-1.113,3.313,28.235
-0.036,-0.360,0.950,0.903,-0.686,3.046,28.229
-0.039,-0.361,0.953,0.956,-0.617,2.453,28.236
-0.039,-0.361,0.957,0.999,-0.837,1.984,28.230
-0.037,-0.361,0.959,0.734,-1.116,1.748,28.221
-0.036,-0.362,0.960,0.238,-1.280,1.727,28.226
-0.039,-0.362,0.959,-0.139,-1.033,1.948,28.226
-0.042,-0.363,0.957,-0.451,-0.545,2.304,28.226
-0.046,-0.363,0.955,-0.663,-0.222,2.431,28.225
-0.049,-0.365,0.953,-0.757,0.047,2.308,28.229
-0.052,-0.366,0.951,-0.743,0.509,1.948,28.226
-0.053,-0.367,0.949,-0.687,0.893,1.415,28.226
-0.051,-0.368,0.946,-0.466,1.158,0.760,28.228
-0.048,-0.368,0.945,-0.200,1.464,0.097,28.238
-0.043,-0.367,0.946,0.041,1.705,-0.321,28.239
-0.037,-0.364,0.948,0.202,1.813,-0.389,28.251
-0.033,-0.361,0.953,0.274,2.054,-0.124,28.247
-0.031,-0.359,0.958,0.350,2.411,0.323,28.242
-0.034,-0.358,0.964,0.450,2.450,0.666,28.234
-0.036,-0.357,0.971,0.501,2.272,0.851,28.240
-0.039,-0.356,0.975,0.246,1.941,0.981,28.237
-0.041,-0.354,0.977,-0.277,1.593,1.118,28.226
-0.043,-0.353,0.976,-0.834,1.626,1.228,28.226
-0.046,-0.353,0.970,-1.408,1.922,1.302,28.238
-0.049,-0.352,0.964,-1.728,2.117,1.278,28.247
-0.052,-0.351,0.957,-1.811,1.988,1.165,28.248
-0.054,-0.350,0.949,-1.744,1.686,1.038,28.240
-0.053,-0.349,0.942,-1.548,1.452,0.801,28.239
-0.052,-0.348,0.936,-1.402,1.447,0.578,28.244
-0.049,-0.349,0.930,-1.078,1.689,0.338,28.251
-0.047,-0.349,0.925,-0.507,1.854,-0.048,28.239
-0.042,-0.349,0.921,0.108,1.818,-0.303,28.246
-0.036,-0.349,0.920,0.932,1.646,-0.330,28.243
-0.029,-0.350,0.923,1.810,1.452,-0.046,28.237
-0.023,-0.351,0.928,2.441,1.318,0.481,28.240
-0.019,-0.353,0.934,2.850,1.256,1.170,28.225
-0.017,-0.356,0.940,3.168,1.465,1.855,28.241
-0.016,-0.358,0.947,3.414,1.740,2.467,28.232
-0.015,-0.358,0.953,3.397,1.763,3.118,28.246
-0.016,-0.360,0.958,3.219,1.788,3.789,28.251
-0.017,-0.363,0.962,2.995,2.097,4.403,28.260
-0.020,-0.366,0.968,2.723,2.603,4.878,28.258
-0.026,-0.368,0.972,2.298,2.777,5.227,28.260
-0.031,-0.370,0.973,1.758,2.563,5.317,28.253
-0.035,-0.372,0.974,1.334,2.621,5.297,28.255
-0.042,-0.373,0.976,0.989,2.798,5.221,28.261
-0.048,-0.374,0.978,0.616,2.583,4.946,28.254
-0.054,-0.375,0.982,0.259,2.059,4.473,28.248
-0.059,-0.375,0.987,-0.130,1.632,3.820,28.254
-0.065,-0.374,0.993,-0.571,1.316,3.064,28.255
-0.070,-0.372,0.998,-1.199,0.945,2.271,28.267
-0.075,-0.371,0.999,-1.853,0.774,1.326,28.259
-0.080,-0.370,0.998,-2.482,0.790,0.280,28.265
-0.084,-0.367,0.996,-3.243,0.791,-0.683,28.245
-0.086,-0.365,0.991,-4.077,0.635,-1.520,28.252
-0.088,-0.364,0.986,-4.718,0.648,-2.205,28.240
-0.090,-0.360,0.981,-5.207,0.879,-2.703,28.252
-0.093,-0.357,0.974,-5.687,0.930,-2.997,28.262
-0.095,-0.355,0.968,-6.136,0.961,-3.209,28.259
-0.097,-0.355,0.960,-6.476,1.419,-3.472,28.272
-0.098,-0.355,0.952,-6.777,2.068,-3.852,28.269
-0.098,-0.355,0.944,-7.029,2.582,-4.324,28.260
-0.098,-0.356,0.936,-6.856,2.768,-4.999,28.256
-0.095,-0.355,0.930,-6.226,2.599,-5.799,28.252
-0.091,-0.354,0.928,-5.471,2.236,-6.361,28.256
-0.087,-0.352,0.928,-4.668,1.971,-6.652,28.254
-0.085,-0.352,0.929,-3.806,1.772,-6.749,28.243
-0.083,-0.352,0.928,-3.172,1.634,-6.813,28.249
-0.082,-0.353,0.927,-2.726,1.668,-6.950,28.259
-0.079,-0.355,0.925,-2.312,1.896,-7.170,28.259
-0.075,-0.356,0.924,-1.864,2.235,-7.454,28.262
-0.068,-0.357,0.923,-1.455,2.436,-7.694,28.250
-0.062,-0.357,0.925,-1.003,2.514,-7.862,28.242
-0.054,-0.357,0.928,-0.447,2.542,-7.812,28.234
-0.047,-0.357,0.930,0.039,2.502,-7.481,28.228
-0.042,-0.356,0.933,0.308,2.415,-6.916,28.228
-0.038,-0.356,0.935,0.479,2.406,-6.126,28.239
-0.035,-0.356,0.936,0.569,2.488,-5.224,28.242
-0.032,-0.357,0.937,0.549,2.648,-4.269,28.252
-0.031,-0.359,0.938,0.545,2.795,-3.370,28.261
-0.031,-0.360,0.939,0.581,2.799,-2.669,28.272
-0.032,-0.362,0.940,0.588,2.687,-2.135,28.268
-0.032,-0.363,0.942,0.621,2.676,-1.773,28.262
-0.033,-0.364,0.943,0.588,2.751,-1.532,28.263
-0.035,-0.365,0.946,0.540,2.800,-1.416,28.264
-0.037,-0.365,0.948,0.508,2.592,-1.398,28.280
-0.037,-0.365,0.950,0.484,2.223,-1.377,28.262
-0.037,-0.365,0.952,0.397,1.858,-1.269,28.259
-0.037,-0.364,0.951,0.260,1.596,-1.078,28.265
-0.037,-0.365,0.950,0.183,1.399,-0.896,28.267
-0.039,-0.365,0.949,0.199,1.091,-0.848,28.269
-0.040,-0.365,0.949,0.229,0.738,-0.892,28.270
-0.039,-0.364,0.950,0.244,0.481,-0.940,28.277
-0.038,-0.365,0.951,0.252,0.250,-0.960,28.274
-0.038,-0.364,0.954,0.242,0.130,-0.907,28.280
-0.039,-0.363,0.955,0.231,-0.009,-0.787,28.282
-0.041,-0.363,0.956,0.208,-0.140,-0.701,28.284
-0.042,-0.362,0.957,0.129,-0.205,-0.675,28.273
-0.043,-0.361,0.958,-0.002,-0.214,-0.663,28.268
-0.043,-0.359,0.957,-0.166,-0.100,-0.577,28.273
-0.043,-0.358,0.959,-0.372,0.307,-0.368,28.265
-0.044,-0.359,0.963,-0.611,0.707,-0.108,28.267
-0.047,-0.361,0.964,-0.836,0.263,-0.146,28.273
-0.050,-0.362,0.962,-1.005,-0.253,-0.270,28.273
-0.051,-0.362,0.960,-1.105,-0.648,-0.401,28.283
-0.052,-0.362,0.957,-1.153,-0.780,-0.556,28.279
-0.053,-0.360,0.955,-1.239,-0.703,-0.639,28.269
-0.054,-0.359,0.952,-1.250,-0.581,-0.635,28.265
-0.054,-0.358,0.951,-1.212,-0.313,-0.545,28.271
-0.053,-0.359,0.952,-1.249,0.147,-0.306,28.281
-0.054,-0.360,0.953,-1.383,0.484,0.057,28.269
-0.055,-0.361,0.954,-1.503,0.516,0.462,28.274
-0.057,-0.364,0.954,-1.566,0.471,0.702,28.260
-0.059,-0.365,0.953,-1.556,0.345,0.656,28.270
-0.061,-0.367,0.952,-1.442,0.091,0.427,28.278
-0.062,-0.368,0.950,-1.196,-0.199,0.072,28.291
-0.062,-0.368,0.948,-1.050,-0.443,-0.270,28.292
-0.062,-0.368,0.948,-0.932,-0.462,-0.558,28.290
-0.061,-0.368,0.948,-0.894,-0.263,-0.731,28.286
-0.059,-0.367,0.948,-1.010,0.013,-0.770,28.286
-0.057,-0.367,0.948,-1.197,0.277,-0.692,28.287
-0.055,-0.366,0.949,-1.363,0.452,-0.523,28.286
-0.054,-0.367,0.949,-1.492,0.637,-0.327,28.298
-0.052,-0.367,0.948,-1.657,0.798,-0.234,28.304
-0.051,-0.368,0.947,-1.785,0.980,-0.229,28.294
-0.049,-0.367,0.946,-1.808,1.174,-0.206,28.299
-0.047,-0.367,0.946,-1.707,1.216,-0.204,28.298
-0.046,-0.366,0.946,-1.475,1.008,-0.195,28.298
-0.045,-0.367,0.947,-1.148,0.657,-0.146,28.309
-0.045,-0.367,0.950,-0.739,0.462,-0.030,28.312
-0.045,-0.367,0.952,-0.497,0.236,0.100,28.306
-0.046,-0.367,0.955,-0.468,0.062,0.254,28.306
-0.047,-0.367,0.956,-0.607,0.131,0.424,28.315
-0.049,-0.368,0.955,-0.913,0.396,0.512,28.307
-0.051,-0.368,0.955,-1.254,0.614,0.552,28.291
-0.052,-0.369,0.955,-1.455,0.731,0.532,28.300
-0.053,-0.369,0.953,-1.538,0.537,0.399,28.289
-0.053,-0.369,0.951,-1.497,0.151,0.303,28.289
-0.054,-0.369,0.952,-1.241,-0.181,0.269,28.299
-0.055,-0.370,0.952,-0.980,-0.506,0.175,28.312
-0.055,-0.370,0.953,-0.949,-0.898,0.067,28.306
-0.055,-0.370,0.953,-1.067,-1.040,0.035,28.306
-0.055,-0.370,0.953,-1.277,-0.837,0.125,28.315
-0.056,-0.370,0.951,-1.580,-0.472,0.277,28.315
-0.057,-0.371,0.950,-1.849,-0.228,0.391,28.328
-0.059,-0.371,0.947,-1.998,-0.159,0.454,28.330
-0.061,-0.372,0.943,-1.979,-0.188,0.420,28.322
-0.063,-0.373,0.939,-1.713,-0.240,0.235,28.313
-0.063,-0.373,0.938,-1.285,-0.348,-0.018,28.311
-0.062,-0.374,0.940,-0.842,-0.567,-0.338,28.317
-0.059,-0.373,0.941,-0.551,-0.719,-0.620,28.332
-0.055,-0.372,0.943,-0.471,-0.547,-0.686,28.315
-0.052,-0.371,0.944,-0.582,-0.013,-0.446,28.330
-0.050,-0.371,0.946,-0.795,0.601,-0.003,28.322
-0.050,-0.371,0.948,-0.906,0.993,0.441,28.323
-0.051,-0.371,0.950,-0.870,1.054,0.701,28.325
-0.052,-0.370,0.952,-0.820,0.783,0.839,28.327
-0.052,-0.371,0.953,-0.711,0.537,0.885,28.322
-0.053,-0.371,0.955,-0.514,0.380,0.751,28.317
-0.054,-0.371,0.958,-0.481,0.178,0.602,28.308
-0.054,-0.372,0.959,-0.643,-0.145,0.508,28.313
-0.055,-0.373,0.960,-0.811,-0.406,0.423,28.313
-0.056,-0.373,0.960,-1.081,-0.396,0.371,28.321
-0.057,-0.373,0.959,-1.509,-0.347,0.374,28.327
-0.059,-0.373,0.958,-1.949,-0.421,0.330,28.325
-0.060,-0.372,0.955,-2.347,-0.434,0.179,28.324
-0.060,-0.371,0.951,-2.783,-0.371,-0.011,28.317
-0.059,-0.371,0.947,-3.149,-0.423,-0.161,28.320
-0.060,-0.371,0.942,-3.232,-0.520,-0.426,28.320
-0.060,-0.372,0.937,-2.950,-0.875,-0.942,28.312
-0.058,-0.371,0.934,-2.491,-1.427,-1.496,28.322
-0.055,-0.369,0.932,-2.090,-1.792,-1.878,28.327
-0.051,-0.368,0.933,-1.644,-1.542,-1.989,28.337
-0.049,-0.368,0.935,-1.260,-0.718,-1.965,28.329
-0.047,-0.367,0.939,-1.071,0.053,-1.924,28.321
-0.045,-0.367,0.943,-0.959,0.479,-1.817,28.321
-0.043,-0.366,0.945,-0.914,0.539,-1.535,28.325
-0.041,-0.366,0.947,-0.838,0.496,-1.139,28.327
-0.040,-0.367,0.947,-0.671,0.463,-0.690,28.310
-0.040,-0.368,0.946,-0.553,0.248,-0.262,28.318
-0.041,-0.368,0.945,-0.487,-0.115,0.143,28.325
-0.042,-0.368,0.946,-0.403,-0.277,0.604,28.316
-0.045,-0.371,0.947,-0.409,-0.155,0.983,28.313
-0.050,-0.372,0.949,-0.414,-0.009,0.978,28.319
-0.053,-0.373,0.950,-0.539,-0.045,0.764,28.315
-0.054,-0.374,0.951,-0.821,-0.114,0.561,28.313
-0.055,-0.375,0.949,-1.150,-0.085,0.375,28.313
-0.056,-0.376,0.946,-1.370,0.062,0.205,28.315
-0.057,-0.377,0.944,-1.413,0.031,0.005,28.306
-0.057,-0.376,0.941,-1.357,-0.335,-0.195,28.318
-0.056,-0.375,0.940,-1.178,-0.809,-0.425,28.322
-0.054,-0.374,0.939,-1.025,-0.878,-0.532,28.326
-0.052,-0.375,0.939,-0.906,-0.319,-0.537,28.324
-0.053,-0.376,0.942,-0.630,0.181,-0.857,28.323
-0.053,-0.374,0.943,-0.320,-0.097,-1.379,28.336
-0.051,-0.373,0.944,-0.030,-0.680,-1.908,28.344
-0.046,-0.371,0.944,0.187,-0.827,-2.122,28.348
-0.041,-0.369,0.946,0.213,-0.444,-1.924,28.360
-0.040,-0.369,0.947,0.114,0.014,-1.462,28.354
-0.040,-0.369,0.948,0.009,0.220,-0.989,28.358
-0.040,-0.370,0.949,0.007,0.177,-0.582,28.350
-0.041,-0.370,0.949,0.055,-0.024,-0.150,28.354
-0.041,-0.371,0.950,0.045,-0.251,0.265,28.338
-0.042,-0.373,0.950,0.007,-0.444,0.688,28.347
-0.045,-0.374,0.948,-0.044,-0.463,1.042,28.341
-0.049,-0.376,0.947,-0.018,-0.343,1.148,28.332
-0.053,-0.377,0.947,0.112,-0.219,0.934,28.337
-0.055,-0.377,0.947,0.256,-0.294,0.628,28.331
-0.056,-0.379,0.947,0.444,-0.457,0.356,28.322
-0.055,-0.379,0.948,0.531,-0.324,0.172,28.318
-0.055,-0.380,0.950,0.441,-0.186,0.060,28.328
-0.055,-0.380,0.949,0.166,-0.227,-0.081,28.332
-0.054,-0.379,0.947,-0.135,-0.079,-0.251,28.327
-0.054,-0.379,0.945,-0.288,0.143,-0.517,28.325
-0.053,-0.378,0.944,-0.254,0.001,-0.945,28.328
-0.050,-0.377,0.943,-0.278,-0.355,-1.346,28.328
-0.046,-0.376,0.942,-0.270,-0.522,-1.655,28.328
-0.042,-0.373,0.941,-0.264,-0.364,-1.604,28.324
-0.040,-0.372,0.941,-0.217,-0.098,-1.302,28.335
-0.039,-0.371,0.941,-0.021,0.007,-1.003,28.343
-0.039,-0.370,0.943,0.266,-0.067,-0.745,28.355
-0.038,-0.370,0.945,0.524,-0.123,-0.444,28.336
-0.037,-0.370,0.947,0.664,-0.214,-0.230,28.338
-0.037,-0.369,0.948,0.773,-0.459,-0.043,28.330
-0.037,-0.369,0.950,0.797,-0.504,0.186,28.324
-0.037,-0.369,0.951,0.644,-0.222,0.441,28.309
-0.038,-0.369,0.953,0.372,0.070,0.666,28.310
-0.040,-0.369,0.954,0.130,0.286,0.870,28.305
-0.043,-0.370,0.955,0.075,0.436,0.897,28.320
-0.046,-0.370,0.956,0.182,0.285,0.753,28.332
-0.047,-0.369,0.958,0.232,-0.176,0.717,28.335
-0.046,-0.370,0.959,0.117,-0.418,0.843,28.349
-0.045,-0.370,0.959,-0.248,-0.191,1.083,28.348
-0.047,-0.371,0.958,-0.709,0.215,1.320,28.343
-0.049,-0.373,0.957,-1.055,0.471,1.364,28.347
-0.051,-0.373,0.955,-1.310,0.403,1.179,28.362
-0.051,-0.373,0.951,-1.425,0.103,0.919,28.351
-0.050,-0.373,0.947,-1.443,-0.167,0.720,28.344
-0.050,-0.373,0.945,-1.357,-0.343,0.574,28.340
-0.050,-0.373,0.943,-1.228,-0.524,0.473,28.327
-0.052,-0.373,0.940,-1.024,-0.702,0.213,28.327
-0.051,-0.372,0.938,-0.787,-0.866,-0.153,28.335
-0.049,-0.372,0.937,-0.548,-0.772,-0.470,28.332
-0.046,-0.371,0.937,-0.369,-0.358,-0.593,28.333
-0.044,-0.370,0.940,-0.258,0.075,-0.540,28.333
-0.040,-0.369,0.943,-0.136,0.320,-0.428,28.342
-0.038,-0.368,0.947,-0.030,0.358,-0.203,28.344
-0.036,-0.367,0.950,0.073,0.269,0.123,28.344
-0.035,-0.368,0.953,0.097,0.282,0.466,28.340
-0.036,-0.369,0.956,0.012,0.417,0.750,28.347
-0.039,-0.370,0.956,-0.247,0.508,0.899,28.338
-0.041,-0.371,0.955,-0.590,0.591,0.918,28.344
-0.043,-0.372,0.954,-0.939,0.912,0.983,28.336
-0.046,-0.374,0.954,-1.154,1.177,0.985,28.344
-0.049,-0.375,0.955,-1.282,0.959,0.796,28.340
-0.051,-0.375,0.953,-1.358,0.521,0.483,28.343
-0.052,-0.376,0.952,-1.335,0.265,0.095,28.343
-0.053,-0.376,0.952,-1.292,0.134,-0.269,28.349
-0.052,-0.376,0.951,-1.331,-0.018,-0.591,28.352
-0.052,-0.375,0.950,-1.384,-0.288,-0.913,28.344
-0.050,-0.375,0.947,-1.389,-0.503,-1.116,28.340
-0.048,-0.374,0.943,-1.408,-0.549,-1.135,28.331
-0.047,-0.373,0.941,-1.453,-0.389,-1.011,28.328
-0.046,-0.373,0.939,-1.544,-0.062,-0.766,28.328
-0.047,-0.372,0.937,-1.612,0.300,-0.517,28.324
-0.048,-0.373,0.936,-1.656,0.649,-0.354,28.345
-0.048,-0.373,0.935,-1.673,1.055,-0.238,28.347
-0.050,-0.373,0.935,-1.499,1.398,-0.286,28.342
-0.051,-0.373,0.936,-1.105,1.217,-0.543,28.340
-0.051,-0.374,0.936,-0.772,0.649,-0.911,28.333
-0.049,-0.374,0.937,-0.499,0.277,-1.172,28.320
-0.048,-0.375,0.938,-0.305,0.173,-1.318,28.328
-0.049,-0.376,0.941,-0.256,-0.099,-1.484,28.324
-0.054,-0.379,0.948,-0.173,-1.986,-2.060,28.335
-0.056,-0.382,0.956,-0.015,-5.207,-3.049,28.343
-0.055,-0.382,0.961,-0.038,-9.043,-4.275,28.339
-0.054,-0.380,0.966,-0.513,-12.465,-4.909,28.346
-0.053,-0.382,0.968,-0.614,-16.078,-5.464,28.346
-0.056,-0.386,0.962,0.681,-21.242,-7.239,28.339
-0.056,-0.380,0.949,1.129,-23.618,-8.357,28.323
-0.051,-0.379,0.943,0.366,-21.634,-8.084,28.312
-0.049,-0.383,0.937,0.122,-19.427,-7.621,28.326
-0.045,-0.386,0.937,0.572,-17.582,-7.719,28.327
-0.025,-0.379,0.930,-0.273,-12.545,-6.667,28.341
-0.002,-0.377,0.922,-2.865,0.015,-3.123,28.336
-0.006,-0.381,0.927,-5.687,14.988,1.307,28.340
-0.031,-0.391,0.947,-7.143,22.913,3.881,28.337
-0.057,-0.400,0.955,-5.766,18.814,3.090,28.338
-0.067,-0.398,0.949,-2.374,8.531,0.260,28.330
-0.064,-0.395,0.936,1.067,0.703,-2.217,28.337
-0.056,-0.395,0.927,3.823,-2.014,-4.006,28.335
-0.053,-0.384,0.933,7.039,-4.213,-5.520,28.337
-0.048,-0.382,0.938,10.268,-8.564,-5.892,28.339
-0.031,-0.361,0.954,13.647,-14.129,-4.297,28.334
-0.011,-0.339,0.968,16.930,-18.788,1.106,28.331
0.007,-0.329,0.971,17.640,-18.992,9.032,28.328
0.015,-0.334,0.961,15.749,-15.473,16.255,28.340
0.013,-0.348,0.949,12.995,-10.242,19.687,28.341
0.001,-0.368,0.945,11.124,-6.884,19.086,28.328
-0.006,-0.377,0.939,10.610,-7.903,15.971,28.318
-0.002,-0.366,0.935,11.175,-11.485,12.047,28.315
0.013,-0.368,0.936,12.962,-19.865,11.810,28.330
0.037,-0.359,0.930,13.015,-25.166,17.667,28.329
0.050,-0.325,0.913,9.513,-21.275,25.586,28.329
0.057,-0.318,0.899,4.173,-11.018,32.121,28.344
0.061,-0.344,0.897,-0.607,-1.107,36.999,28.340
0.051,-0.352,0.911,-3.398,5.372,39.329,28.333
0.039,-0.338,0.919,-4.819,3.796,39.241,28.328
0.041,-0.335,0.913,-5.847,0.992,39.000,28.334
0.045,-0.347,0.909,-6.309,1.198,37.990,28.327
0.042,-0.353,0.906,-6.114,0.830,35.454,28.315
0.040,-0.354,0.913,-5.631,1.588,32.553,28.322
0.035,-0.350,0.928,-6.307,1.016,29.575,28.310
0.034,-0.357,0.935,-7.803,-2.880,26.521,28.309
0.032,-0.355,0.933,-7.650,-7.812,23.253,28.306
0.032,-0.362,0.928,-6.089,-13.142,19.986,28.309
0.027,-0.360,0.927,-2.872,-16.707,17.047,28.314
0.023,-0.359,0.929,1.724,-19.607,13.899,28.318
0.020,-0.357,0.936,7.881,-26.556,10.409,28.326
0.029,-0.365,0.930,16.819,-37.635,6.704,28.325
0.026,-0.366,0.937,25.401,-46.928,2.780,28.312
-0.024,-0.369,0.987,19.108,-40.372,-3.801,28.314
-0.069,-0.498,0.996,-17.746,-23.580,-17.858,28.318
-0.085,-0.469,1.025,-34.824,-21.223,-27.367,28.320
-0.019,-0.340,1.029,-44.725,-35.177,-38.082,28.316
0.066,-0.294,1.031,-53.407,-46.192,-49.630,28.321
0.111,-0.291,1.018,-61.631,-39.297,-54.868,28.337
0.112,-0.404,0.932,-61.681,-9.740,-60.914,28.329
0.097,-0.515,0.918,-50.242,-5.053,-77.174,28.334
0.120,-0.523,0.966,-28.040,9.325,-81.167,28.339
0.040,-0.556,0.932,-5.954,21.410,-73.100,28.342
-0.054,-0.560,0.857,4.451,23.824,-49.749,28.336
-0.117,-0.550,0.768,1.147,23.231,-14.766,28.348
-0.154,-0.510,0.659,-9.949,10.713,24.552,28.351
-0.129,-0.457,0.640,-24.843,-16.186,58.979,28.365
-0.074,-0.419,0.645,-37.961,-57.918,83.180,28.367
0.020,-0.390,0.708,-49.692,-96.530,96.313,28.363
0.097,-0.414,0.820,-59.074,-113.134,99.433,28.366
0.178,-0.381,0.944,-61.000,-114.622,95.880,28.355
0.254,-0.335,1.094,-53.533,-104.985,78.277,28.360
0.295,-0.336,1.199,-36.180,-85.067,52.288,28.368
0.311,-0.356,1.248,-11.253,-58.136,24.643,28.365
0.308,-0.402,1.249,15.999,-25.041,-0.182,28.370
0.291,-0.449,1.205,43.243,7.502,-18.789,28.367
0.258,-0.481,1.142,66.841,38.416,-29.225,28.373
0.191,-0.472,1.045,79.997,61.946,-32.362,28.376
0.129,-0.410,0.959,85.422,72.635,-32.432,28.383
0.072,-0.351,0.893,82.253,71.614,-33.060,28.373
0.021,-0.291,0.854,73.724,58.752,-34.895,28.378
-0.009,-0.255,0.846,63.045,38.805,-37.972,28.381
-0.021,-0.244,0.860,51.959,19.974,-40.746,28.389
-0.019,-0.246,0.890,42.080,5.270,-42.419,28.382
-0.006,-0.258,0.931,34.690,-3.463,-42.535,28.378
0.016,-0.273,0.976,30.391,-5.055,-40.909,28.379
0.047,-0.289,1.017,29.259,-0.643,-38.495,28.370
0.069,-0.301,1.041,30.769,7.113,-36.306,28.366
0.086,-0.298,1.047,33.229,13.675,-34.859,28.360
0.097,-0.288,1.040,35.006,18.619,-34.725,28.368
0.107,-0.274,1.030,35.304,21.044,-36.200,28.377
0.116,-0.264,1.019,34.276,21.768,-39.043,28.383
0.121,-0.257,1.009,31.531,21.112,-41.889,28.369
0.119,-0.253,0.998,27.103,20.139,-43.444,28.361
0.112,-0.254,0.983,21.445,17.250,-42.903,28.378
0.104,-0.263,0.966,14.328,12.636,-39.357,28.367
0.096,-0.275,0.955,5.956,9.007,-31.983,28.364
0.084,-0.278,0.946,-2.670,6.435,-21.407,28.362
0.074,-0.272,0.940,-10.587,3.418,-9.514,28.368
0.068,-0.260,0.934,-17.184,0.014,1.533,28.362
0.067,-0.248,0.928,-22.262,-4.116,10.218,28.359
0.103,-0.240,0.934,-25.685,-7.144,15.477,28.357
0.194,-0.231,0.959,-25.199,-6.549,10.134,28.360
0.198,-0.240,0.955,-21.999,-9.576,-1.789,28.364
0.211,-0.246,0.957,-18.705,-12.357,-14.506,28.353
0.207,-0.265,0.955,-14.452,-13.241,-27.116,28.358
0.185,-0.282,0.938,-12.316,-11.996,-36.730,28.364
0.170,-0.292,0.927,-11.367,-13.508,-43.616,28.363
0.165,-0.312,0.921,-9.960,-14.036,-48.006,28.378
0.152,-0.333,0.916,-8.508,-13.909,-48.978,28.377
0.144,-0.353,0.909,-7.049,-12.309,-46.623,28.353
0.128,-0.365,0.903,-5.344,-11.007,-41.711,28.339
0.113,-0.373,0.904,-3.043,-9.767,-34.741,28.358
0.103,-0.379,0.908,-0.396,-7.810,-26.445,28.362
0.096,-0.377,0.913,2.504,-5.617,-18.193,28.367
0.098,-0.361,0.921,6.000,-4.957,-12.335,28.365
0.108,-0.349,0.929,9.416,-4.985,-9.916,28.358
0.110,-0.341,0.932,11.429,-4.937,-10.055,28.360
0.099,-0.333,0.935,12.545,-4.959,-10.896,28.352
0.086,-0.327,0.935,13.126,-5.833,-11.504,28.358
0.080,-0.327,0.935,12.879,-7.142,-11.449,28.354
0.079,-0.330,0.937,11.991,-8.677,-10.434,28.350
0.085,-0.340,0.942,11.135,-9.058,-8.104,28.358
0.095,-0.348,0.948,11.007,-9.160,-5.143,28.327
0.104,-0.351,0.950,11.355,-9.664,-2.327,28.333
0.111,-0.351,0.954,11.543,-9.969,0.339,28.342
0.118,-0.349,0.960,11.940,-8.931,2.754,28.346
0.130,-0.344,0.968,13.130,-7.851,3.474,28.351
0.136,-0.336,0.968,14.584,-7.991,1.793,28.351
0.132,-0.329,0.965,15.240,-8.524,-0.862,28.353
0.126,-0.326,0.964,15.090,-7.580,-2.963,28.349
0.121,-0.324,0.968,14.951,-5.941,-4.539,28.348
0.118,-0.320,0.975,15.431,-5.811,-5.954,28.356
0.119,-0.318,0.982,15.699,-6.801,-6.878,28.361
0.122,-0.318,0.991,15.087,-7.196,-6.605,28.357
0.126,-0.316,0.998,13.922,-6.786,-5.034,28.352
0.135,-0.313,1.005,12.709,-5.227,-2.699,28.367
0.144,-0.307,1.012,11.486,-3.226,-0.436,28.357
0.145,-0.295,1.021,10.634,-1.789,1.119,28.346
0.149,-0.278,1.029,10.864,-1.525,1.370,28.340
0.154,-0.263,1.032,11.125,-1.533,0.184,28.356
0.154,-0.252,1.031,10.474,-0.558,-1.141,28.357
0.149,-0.245,1.026,9.207,2.337,-1.436,28.371
0.142,-0.239,1.023,8.000,5.650,-0.848,28.364
0.135,-0.230,1.016,7.260,7.115,-0.384,28.359
0.127,-0.220,1.004,6.556,7.039,-0.280,28.363
0.120,-0.213,0.993,5.344,6.199,-0.210,28.347
0.113,-0.208,0.984,3.504,4.657,0.201,28.332
0.110,-0.203,0.981,1.426,2.905,1.105,28.335
0.117,-0.200,0.984,-0.125,0.564,1.703,28.326
0.129,-0.198,0.989,-1.029,-1.966,1.189,28.342
0.139,-0.200,0.992,-1.955,-3.444,0.243,28.336
0.145,-0.204,0.995,-2.802,-3.053,-0.230,28.348
0.150,-0.209,0.998,-2.915,-1.549,-0.199,28.345
0.161,-0.214,1.004,-2.243,0.483,-0.195,28.360
0.170,-0.221,1.007,-1.278,2.653,-0.410,28.358
0.171,-0.225,1.006,-0.294,4.314,-0.761,28.364
0.165,-0.227,1.005,0.588,5.670,-0.812,28.363
0.160,-0.227,1.006,1.735,6.379,-0.586,28.372
0.159,-0.225,1.009,2.832,6.139,-0.428,28.355
0.160,-0.224,1.014,3.288,5.715,-0.294,28.343
0.164,-0.224,1.021,3.039,5.702,-0.083,28.339
0.168,-0.225,1.026,2.554,5.823,0.075,28.346
0.169,-0.227,1.027,1.744,6.107,0.308,28.343
0.167,-0.225,1.026,0.468,6.359,0.651,28.347
0.167,-0.224,1.025,-1.180,6.811,1.194,28.337
0.168,-0.225,1.018,-3.121,7.326,1.755,28.329
0.169,-0.226,1.007,-5.288,7.517,2.228,28.325
0.171,-0.228,0.997,-7.225,7.974,2.892,28.335
0.179,-0.231,0.993,-7.843,8.255,3.215,28.330
0.188,-0.235,0.982,-7.348,8.417,2.545,28.331
0.182,-0.236,0.965,-6.927,9.786,1.714,28.328
0.163,-0.237,0.951,-6.935,11.587,1.656,28.342
0.145,-0.236,0.945,-7.095,12.416,2.700,28.342
0.136,-0.240,0.945,-7.165,13.407,3.674,28.349
0.129,-0.242,0.949,-6.881,14.483,4.603,28.355
0.123,-0.242,0.958,-6.439,15.503,5.795,28.348
0.119,-0.241,0.971,-6.238,16.757,7.423,28.341
0.116,-0.236,0.992,-6.350,17.995,9.373,28.336
0.123,-0.231,1.017,-6.499,19.226,11.033,28.344
0.133,-0.227,1.039,-6.478,21.041,11.832,28.334
0.141,-0.222,1.055,-6.499,22.762,11.729,28.327
0.143,-0.217,1.062,-6.943,24.186,11.163,28.345
0.142,-0.213,1.064,-7.738,25.494,10.563,28.335
0.140,-0.210,1.063,-8.594,26.720,9.903,28.343
0.134,-0.207,1.059,-9.376,27.113,8.779,28.339
0.126,-0.205,1.050,-10.246,26.720,7.038,28.356
0.113,-0.206,1.034,-11.066,25.826,4.836,28.339
0.097,-0.210,1.013,-11.334,24.297,2.455,28.344
0.078,-0.212,0.993,-10.688,22.116,0.261,28.346
0.062,-0.213,0.980,-9.111,19.618,-1.415,28.345
0.055,-0.213,0.971,-7.234,17.267,-2.844,28.347
0.052,-0.211,0.965,-5.548,15.175,-4.144,28.356
0.054,-0.209,0.962,-3.947,13.217,-5.673,28.353
0.058,-0.210,0.958,-2.205,11.264,-7.682,28.347
0.063,-0.211,0.953,-0.432,9.711,-10.250,28.344
0.063,-0.215,0.944,0.752,8.215,-13.119,28.344
0.058,-0.219,0.930,0.847,6.684,-15.515,28.342
0.050,-0.225,0.919,-0.247,5.047,-16.789,28.344
0.044,-0.231,0.912,-1.941,3.045,-16.954,28.352
0.042,-0.239,0.909,-3.612,0.559,-16.487,28.356
0.048,-0.248,0.909,-4.911,-1.478,-15.682,28.363
0.056,-0.257,0.913,-5.928,-2.296,-14.769,28.379
0.062,-0.266,0.919,-6.587,-2.588,-14.096,28.370
0.066,-0.276,0.925,-6.738,-2.827,-13.579,28.364
0.070,-0.284,0.928,-6.695,-3.066,-12.959,28.353
0.076,-0.292,0.930,-6.773,-3.292,-12.361,28.349
0.082,-0.302,0.930,-6.946,-3.702,-11.893,28.344
0.089,-0.312,0.931,-7.007,-4.162,-11.381,28.340
0.097,-0.326,0.931,-6.851,-4.286,-10.593,28.349
0.105,-0.339,0.933,-6.234,-3.855,-9.678,28.357
0.110,-0.351,0.937,-5.003,-2.960,-8.728,28.352
0.111,-0.360,0.942,-3.333,-2.003,-7.706,28.350
0.108,-0.364,0.947,-1.606,-1.174,-6.631,28.348
0.105,-0.365,0.953,-0.083,-0.480,-5.717,28.345
0.101,-0.364,0.958,0.865,0.011,-5.021,28.345
0.095,-0.361,0.963,0.943,0.195,-4.357,28.341
0.089,-0.360,0.967,0.364,0.177,-3.531,28.345
0.088,-0.361,0.967,-0.506,0.533,-2.614,28.345
0.087,-0.362,0.964,-1.368,1.102,-1.884,28.347
0.083,-0.364,0.962,-1.961,1.651,-1.283,28.356
0.077,-0.364,0.956,-2.120,2.475,-0.630,28.355
0.069,-0.362,0.950,-1.933,3.517,0.081,28.344
0.060,-0.359,0.948,-1.393,4.469,0.912,28.350
0.053,-0.355,0.947,-0.491,5.711,1.966,28.344
0.045,-0.348,0.948,0.548,6.734,3.101,28.358
0.037,-0.339,0.949,1.407,7.371,4.306,28.372
0.031,-0.329,0.951,1.887,8.070,5.566,28.369
0.025,-0.318,0.954,2.045,8.850,6.602,28.366
0.017,-0.306,0.958,2.057,9.477,7.203,28.369
0.008,-0.293,0.966,2.283,9.780,7.360,28.376
0.005,-0.282,0.977,2.777,9.652,6.887,28.378
0.004,-0.274,0.987,3.369,9.525,5.940,28.361
0.002,-0.268,0.994,3.828,9.793,4.993,28.369
-0.000,-0.265,1.000,4.184,10.531,4.600,28.376
0.002,-0.260,1.003,4.444,11.273,4.683,28.376
0.007,-0.253,1.005,4.440,11.413,4.714,28.372
0.011,-0.247,1.005,4.066,10.872,4.532,28.365
0.016,-0.242,1.001,3.027,9.734,4.204,28.365
0.021,-0.241,0.992,1.251,8.186,3.833,28.364
0.024,-0.243,0.980,-0.901,6.411,3.592,28.365
0.028,-0.249,0.968,-2.726,4.915,3.518,28.363
0.035,-0.257,0.958,-3.747,3.946,3.314,28.364
0.043,-0.265,0.949,-3.928,3.608,2.642,28.373
0.047,-0.272,0.943,-3.511,3.985,1.493,28.364
0.045,-0.279,0.941,-2.450,4.679,0.322,28.365
0.039,-0.284,0.942,-0.735,5.258,-0.678,28.361
0.033,-0.286,0.947,1.094,5.447,-1.432,28.371
0.027,-0.285,0.957,2.523,5.169,-1.830,28.366
0.024,-0.282,0.972,3.434,4.514,-1.766,28.366
0.028,-0.281,0.987,3.599,4.378,-1.389,28.357
0.034,-0.278,0.999,3.000,4.242,-1.072,28.357
0.039,-0.276,1.008,1.995,3.551,-0.881,28.366
0.044,-0.273,1.013,0.523,2.698,-0.676,28.372
0.048,-0.272,1.014,-1.364,2.050,-0.541,28.369
0.054,-0.273,1.013,-3.004,1.125,-0.681,28.366
0.060,-0.277,1.008,-4.104,0.035,-1.159,28.380
0.064,-0.282,0.997,-4.948,-0.512,-1.770,28.377
0.062,-0.287,0.985,-5.623,-0.777,-2.244,28.367
0.057,-0.291,0.973,-5.905,-1.003,-2.278,28.367
0.055,-0.295,0.962,-5.753,-0.966,-1.911,28.375
0.052,-0.298,0.954,-5.467,-0.778,-1.338,28.385
0.050,-0.300,0.950,-4.963,-0.767,-0.656,28.372
0.047,-0.303,0.949,-4.226,-0.510,0.241,28.361
0.043,-0.304,0.948,-3.196,-0.249,1.215,28.363
0.040,-0.303,0.948,-1.779,-0.015,1.953,28.358
0.036,-0.299,0.950,-0.014,0.248,2.144,28.356
0.030,-0.296,0.953,1.726,0.495,1.906,28.351
0.021,-0.292,0.957,3.115,0.730,1.746,28.347
0.013,-0.287,0.962,4.031,0.937,1.833,28.358
0.007,-0.281,0.966,4.516,1.153,2.123,28.362
0.006,-0.276,0.973,4.509,1.529,2.340,28.358
0.007,-0.272,0.982,4.168,1.925,2.278,28.380
0.009,-0.270,0.991,3.645,2.074,1.922,28.377
0.011,-0.269,0.999,3.180,2.071,1.358,28.378
0.013,-0.268,1.005,2.908,2.072,0.667,28.397
0.016,-0.268,1.010,2.723,1.894,-0.187,28.386
0.017,-0.267,1.010,2.260,1.672,-0.964,28.387
0.016,-0.265,1.008,1.493,1.422,-1.418,28.360
0.018,-0.263,1.004,0.555,1.147,-1.720,28.368
0.021,-0.262,1.001,-0.634,0.520,-2.107,28.379
0.025,-0.262,0.998,-1.845,0.192,-2.347,28.371
0.028,-0.265,0.996,-3.002,0.526,-2.348,28.378
0.031,-0.267,0.994,-3.870,0.856,-2.257,28.371
0.034,-0.270,0.994,-4.277,1.279,-2.101,28.366
0.037,-0.271,0.992,-4.143,1.879,-1.984,28.372
0.040,-0.272,0.988,-3.702,2.333,-2.080,28.371
0.041,-0.272,0.982,-3.197,2.483,-2.320,28.366
0.040,-0.273,0.975,-2.920,2.251,-2.560,28.366
0.039,-0.274,0.968,-2.957,1.429,-2.615,28.365
0.038,-0.276,0.960,-3.298,0.362,-2.385,28.375
0.037,-0.279,0.955,-3.638,-0.710,-1.926,28.381
0.038,-0.281,0.953,-3.744,-1.765,-1.433,28.379
0.040,-0.284,0.954,-3.495,-2.343,-0.979,28.378
0.041,-0.286,0.954,-2.900,-2.047,-0.635,28.383

Terminating...
Thanks for using picocom
