accel_x,accel_y,accel_z,gyro_x,gyro_y,gyro_z,temp
-4.000,-4.000,-4.000,-250.137,-250.137,-250.137,-231.000
0.839,-0.005,0.561,-250.137,-250.137,-250.137,29.094
0.838,-0.006,0.563,-250.137,-250.137,-250.137,29.125
0.837,-0.007,0.559,-250.137,-250.137,-250.137,29.172
0.841,-0.006,0.561,-0.550,0.962,-0.168,29.164
0.839,-0.008,0.558,-0.489,0.122,0.061,29.156
0.838,-0.008,0.556,-0.427,0.214,0.031,29.242
0.837,-0.008,0.555,-0.412,0.275,0.198,29.188
0.837,-0.008,0.557,-0.443,0.244,0.031,29.227
0.839,-0.006,0.558,-0.458,0.366,0.183,29.141
0.841,-0.006,0.561,-0.504,0.366,0.092,29.203
0.841,-0.004,0.561,-0.427,0.290,0.107,29.250
0.840,-0.005,0.559,-0.534,0.214,0.229,29.164
0.835,-0.006,0.557,-0.656,0.183,0.305,29.234
0.836,-0.007,0.556,-0.550,0.275,0.198,29.219
0.836,-0.008,0.557,-0.489,0.382,0.153,29.219
0.838,-0.006,0.559,-0.458,0.504,0.122,29.219
0.838,-0.008,0.561,-0.443,0.443,0.107,29.164
0.836,-0.006,0.560,-0.504,0.366,0.122,29.242
0.835,-0.008,0.558,-0.519,0.366,0.092,29.250
0.836,-0.007,0.558,-0.427,0.366,-0.031,29.227
0.832,-0.009,0.557,-0.473,0.366,0.046,29.242
0.840,-0.007,0.561,-0.397,0.275,0.061,29.234
0.842,-0.010,0.561,-0.397,0.183,-0.061,29.195
0.836,-0.009,0.558,-0.504,0.092,0.153,29.195
0.836,-0.008,0.558,-0.412,-0.244,-0.015,29.211
0.838,-0.009,0.557,-0.382,0.000,-0.092,29.273
0.840,-0.008,0.559,-0.397,0.641,0.000,29.242
0.840,-0.007,0.561,-0.305,0.870,-0.076,29.227
0.835,-0.008,0.561,-0.382,0.397,-0.046,29.281
0.835,-0.007,0.559,-0.473,-0.153,0.076,29.250
0.839,-0.008,0.561,-0.366,-0.198,-0.153,29.250
0.839,-0.008,0.560,-0.366,0.260,-0.015,29.234
0.839,-0.007,0.561,-0.305,0.611,-0.107,29.219
0.837,-0.007,0.561,-0.366,0.443,-0.076,29.219
0.836,-0.006,0.562,-0.504,0.290,-0.076,29.266
0.838,-0.007,0.562,-0.412,0.107,0.015,29.258
0.838,-0.005,0.561,-0.412,0.290,-0.015,29.258
0.838,-0.006,0.561,-0.382,0.351,0.015,29.320
0.838,-0.006,0.560,-0.321,0.397,-0.015,29.250
0.838,-0.005,0.561,-0.397,0.382,0.092,29.242
0.837,-0.006,0.560,-0.321,0.336,0.076,29.242
0.838,-0.006,0.561,-0.336,0.382,-0.031,29.211
0.838,-0.008,0.561,-0.458,0.336,-0.015,29.234
0.838,-0.007,0.561,-0.382,0.214,-0.031,29.242
0.839,-0.008,0.562,-0.382,0.336,0.000,29.250
0.838,-0.009,0.562,-0.366,0.305,0.092,29.273
0.837,-0.008,0.560,-0.427,0.290,-0.031,29.281
0.838,-0.008,0.559,-0.489,0.122,-0.015,29.242
0.840,-0.007,0.561,-0.382,0.244,-0.046,29.219
0.838,-0.007,0.560,-0.382,0.290,-0.076,29.242
0.838,-0.007,0.560,-0.412,0.321,-0.107,29.227
0.837,-0.009,0.561,-0.366,0.351,-0.015,29.250
0.838,-0.008,0.560,-0.382,0.244,-0.061,29.258
0.838,-0.008,0.561,-0.443,0.092,-0.015,29.258
0.840,-0.009,0.562,-0.366,0.092,-0.031,29.234
0.839,-0.008,0.561,-0.382,0.397,-0.061,29.305
0.837,-0.008,0.560,-0.397,0.351,-0.015,29.273
0.838,-0.006,0.560,-0.427,0.260,-0.015,29.312
0.838,-0.007,0.561,-0.336,0.229,0.046,29.281
0.838,-0.006,0.561,-0.397,0.504,0.015,29.273
0.837,-0.007,0.561,-0.412,0.321,0.031,29.266
0.837,-0.007,0.561,-0.443,0.275,0.000,29.211
0.837,-0.008,0.561,-0.351,0.260,-0.031,29.227
0.837,-0.008,0.562,-0.427,0.290,-0.015,29.289
0.837,-0.007,0.561,-0.366,0.443,0.031,29.312
0.838,-0.007,0.562,-0.351,0.550,0.076,29.266
0.836,-0.008,0.562,-0.382,0.366,0.046,29.305
0.837,-0.007,0.562,-0.412,0.183,0.015,29.234
0.837,-0.007,0.562,-0.458,0.244,-0.031,29.281
0.838,-0.008,0.561,-0.397,0.214,0.000,29.305
0.838,-0.008,0.561,-0.412,0.336,0.015,29.305
0.838,-0.008,0.561,-0.427,0.260,0.015,29.242
0.838,-0.009,0.561,-0.382,0.229,0.000,29.273
0.838,-0.008,0.561,-0.321,0.244,0.031,29.281
0.838,-0.008,0.560,-0.382,0.260,-0.092,29.266
0.839,-0.007,0.561,-0.305,0.198,-0.092,29.250
0.836,-0.010,0.556,-0.809,1.191,0.565,29.289
0.840,-0.004,0.559,-0.061,1.328,-0.351,29.258
0.838,-0.010,0.565,-0.229,0.962,-0.168,29.281
0.835,-0.008,0.562,-0.504,-0.015,0.168,29.258
0.836,-0.004,0.559,-0.397,-0.641,0.122,29.242
0.894,-0.014,0.541,-0.107,4.611,0.168,29.250
0.889,-0.109,0.456,11.191,16.397,7.756,29.289
0.950,-0.115,0.407,48.107,-0.595,36.718,29.258
0.855,-0.135,0.331,75.405,-46.397,63.893,29.312
0.546,-0.106,0.506,45.405,-198.580,29.023,29.266
0.994,0.212,0.644,-35.008,-177.099,4.824,29.234
0.902,0.203,0.906,-18.885,-54.031,-6.198,29.312
0.864,-0.069,0.447,-8.595,-13.924,-3.756,29.289
0.951,-0.110,0.478,-17.130,-8.092,-3.725,29.289
0.849,-0.070,0.457,-4.473,-21.954,-0.366,29.328
0.874,-0.049,0.344,-15.160,-59.145,6.656,29.297
0.856,0.003,0.608,-7.405,-64.687,12.779,29.297
0.908,-0.141,0.533,22.962,-105.939,17.466,29.289
0.949,-0.111,0.297,5.557,-135.466,24.366,29.297
0.945,0.102,0.570,-11.725,-76.000,40.305,29.320
1.156,-0.015,0.617,-5.557,-13.908,41.206,29.320
1.098,-0.009,0.525,-24.504,25.359,26.015,29.344
1.002,-0.023,0.510,-31.634,43.313,34.641,29.297
1.074,-0.359,0.294,-40.901,27.542,39.695,29.312
1.447,-0.595,-0.203,-90.901,-80.504,8.321,29.328
1.064,0.128,0.174,-156.901,-90.336,-58.290,29.297
0.876,-0.009,0.598,-127.344,31.374,-41.435,29.281
0.813,-0.300,0.689,-74.565,120.443,-11.176,29.266
0.866,-0.290,0.593,-33.252,104.092,-4.153,29.305
0.967,-0.225,0.560,-2.458,71.221,-10.412,29.297
0.844,-0.110,0.596,2.931,-31.878,22.000,29.352
0.865,-0.053,0.639,21.573,-72.076,54.901,29.336
1.008,-0.098,0.579,44.107,-62.855,50.168,29.312
1.064,-0.068,0.352,63.786,-46.718,6.275,29.289
1.065,-0.065,0.144,64.397,-49.771,-52.473,29.281
0.994,-0.044,0.074,41.771,-68.534,-88.336,29.297
0.873,-0.077,0.080,10.443,-99.496,-98.168,29.320
0.803,-0.121,0.083,-17.817,-126.779,-94.687,29.297
0.862,-0.146,0.061,-34.107,-133.832,-83.771,29.336
1.056,-0.083,0.091,-46.840,-113.282,-80.947,29.352
1.176,-0.053,0.196,-57.359,-77.450,-85.008,29.312
1.138,-0.088,0.389,-26.763,-89.863,-55.099,29.281
1.184,-0.050,0.534,-10.137,-116.962,-38.641,29.344
1.203,-0.045,0.621,-8.458,-108.687,-31.374,29.297
1.241,-0.007,0.525,-4.855,-57.832,-41.053,29.281
1.239,-0.178,0.290,-9.924,-13.527,-77.160,29.344
1.331,-0.194,0.068,-2.275,-6.962,-108.687,29.305
1.512,0.010,-0.193,8.855,-13.069,-132.595,29.328
1.603,0.091,-0.358,-10.382,-0.168,-166.214,29.312
1.498,0.022,-0.316,-32.382,32.885,-198.229,29.359
1.299,0.007,-0.218,-46.824,81.771,-214.595,29.336
1.009,-0.045,-0.109,-55.802,120.702,-209.634,29.273
0.567,-0.286,0.031,-51.817,126.611,-177.145,29.320
0.336,-0.129,0.104,-34.687,97.954,-114.840,29.344
0.754,0.188,0.086,-21.466,99.145,-50.137,29.344
1.111,0.284,0.077,-23.298,148.580,-38.458,29.328
1.142,0.277,0.171,-20.290,220.305,-60.733,29.328
1.177,0.220,0.176,3.160,250.130,-78.473,29.312
1.121,0.239,0.131,25.344,250.130,-93.618,29.328
0.982,0.233,0.136,29.176,250.130,-103.053,29.336
0.801,0.184,0.237,39.634,129.176,-92.656,29.328
0.697,0.112,0.246,41.542,52.947,-88.427,29.359
0.638,0.130,0.237,40.992,34.260,-84.336,29.359
0.624,0.273,0.218,35.817,56.504,-75.649,29.344
0.655,0.409,0.203,17.466,93.664,-65.252,29.336
0.668,0.479,0.237,-14.336,141.435,-50.473,29.320
0.568,0.512,0.347,-56.779,179.176,-38.397,29.328
0.467,0.500,0.467,-101.893,199.084,-29.420,29.320
0.410,0.440,0.622,-135.313,205.710,-27.405,29.398
0.320,0.275,0.836,-131.634,242.092,-9.008,29.312
0.323,0.271,0.855,-99.145,250.130,16.244,29.312
0.438,0.312,0.819,-69.466,222.931,24.916,29.359
0.513,0.328,0.794,-51.557,204.198,9.023,29.344
0.506,0.373,0.794,-42.977,190.580,-22.046,29.367
0.417,0.382,0.835,-41.603,180.168,-50.626,29.344
0.250,0.351,0.919,-44.687,183.969,-67.145,29.320
0.162,0.332,1.001,-49.527,195.252,-63.710,29.289
0.057,0.233,1.305,-47.298,224.214,-36.122,29.344
-0.553,0.254,1.698,29.053,250.130,58.611,29.320
0.109,0.184,1.379,90.702,158.534,82.763,29.328
0.286,0.283,1.037,130.763,117.038,62.733,29.344
0.381,0.455,0.764,137.115,109.282,37.160,29.344
0.381,0.479,0.696,105.267,139.481,29.313,29.305
0.258,0.439,0.740,68.641,176.580,13.603,29.289
0.066,0.375,0.782,55.496,163.893,7.099,29.344
0.037,0.425,0.779,46.534,128.855,5.985,29.336
0.068,0.440,0.734,28.794,122.794,5.130,29.391
0.060,0.360,0.681,19.466,119.069,10.122,29.328
0.043,0.490,0.627,26.107,109.130,29.328,29.336
0.063,0.691,0.583,32.336,101.267,49.588,29.352
0.157,0.662,0.588,62.672,119.756,70.504,29.359
0.389,0.488,0.703,163.847,143.710,91.176,29.336
0.511,0.503,1.016,174.565,250.130,34.855,29.336
-0.392,0.489,1.016,8.947,212.168,-16.718,29.305
-0.260,0.623,0.874,40.763,99.740,41.924,29.320
-0.009,0.668,0.864,28.977,49.069,52.046,29.344
0.128,0.630,0.820,29.237,48.962,33.130,29.352
0.227,0.562,0.893,33.573,92.779,19.176,29.312
0.255,0.480,0.963,34.275,147.863,22.947,29.289
0.260,0.450,1.015,25.069,207.405,42.702,29.352
0.226,0.478,1.051,2.641,250.130,40.779,29.367
-0.022,0.507,0.971,-26.046,250.130,28.901,29.305
-0.328,0.431,0.890,-46.977,250.130,19.328,29.375
-0.662,0.272,0.809,-48.565,250.130,28.458,29.320
-0.828,0.329,0.871,-62.198,158.595,50.504,29.367
-0.898,0.408,0.881,-89.969,22.321,76.153,29.344
-0.773,0.390,0.854,-96.702,-114.931,107.863,29.359
-0.256,0.470,0.747,-88.992,-178.489,129.832,29.305
0.238,0.993,0.656,-114.000,-26.794,138.397,29.352
0.041,0.717,1.000,-130.870,17.389,105.771,29.320
-0.156,0.527,1.054,-92.870,28.794,67.511,29.352
-0.267,0.411,0.922,-61.634,4.244,56.260,29.305
-0.233,0.345,0.887,-62.794,-13.893,69.664,29.328
-0.118,0.336,0.949,-64.550,28.229,92.244,29.352
-0.196,0.359,0.953,-46.687,85.725,113.908,29.281
-0.235,0.417,0.830,1.740,72.351,133.725,29.383
-0.236,0.479,0.683,62.885,4.031,133.237,29.352
-0.234,0.481,0.523,141.664,-95.710,111.847,29.320
-0.207,0.409,0.497,235.588,-180.611,56.779,29.344
-0.183,0.647,0.877,94.122,-210.748,34.168,29.430
-0.006,0.531,1.123,66.992,-149.160,32.427,29.344
-0.016,0.571,1.147,16.947,-14.092,15.115,29.367
-0.122,0.495,0.801,11.191,26.947,5.008,29.328
-0.143,0.467,0.764,26.595,6.504,5.756,29.266
-0.119,0.538,0.827,28.046,4.916,1.160,29.383
-0.051,0.591,0.892,8.580,15.542,-2.718,29.375
0.031,0.526,0.957,-10.702,48.962,-8.275,29.391
0.005,0.498,0.988,-16.885,96.794,-6.702,29.359
-0.114,0.484,0.909,-13.069,128.748,-3.023,29.320
-0.223,0.508,0.782,-5.221,119.130,-0.794,29.336
-0.283,0.566,0.683,15.527,79.267,-5.023,29.359
-0.289,0.623,0.633,33.130,23.038,-16.870,29.383
-0.256,0.626,0.642,40.489,-40.031,-34.992,29.375
-0.256,0.556,0.717,44.702,-89.878,-48.824,29.328
-0.248,0.529,0.763,43.618,-119.176,-57.725,29.336
-0.187,0.508,0.773,38.076,-130.824,-70.824,29.336
-0.175,0.468,0.941,50.122,-112.992,-74.595,29.375
-0.187,0.430,0.849,62.198,-101.298,-66.992,29.383
-0.271,0.571,0.679,56.153,-96.153,-64.855,29.352
-0.194,0.567,0.565,27.817,-81.298,-48.397,29.375
-0.190,0.505,0.675,12.626,-76.641,-48.443,29.406
-0.158,0.467,0.661,3.969,-72.214,-43.481,29.438
-0.231,0.470,0.667,1.542,-71.878,-36.855,29.367
-0.350,0.512,0.624,-3.740,-71.878,-23.053,29.359
-0.332,0.514,0.633,-8.565,-73.084,-3.847,29.367
-0.166,0.474,0.727,-8.809,-50.931,17.496,29.336
-0.102,0.490,0.734,-7.496,-34.260,24.519,29.414
-0.047,0.518,0.674,-10.962,-26.565,26.702,29.383
0.006,0.559,0.673,-14.626,-24.458,22.366,29.383
0.047,0.599,0.662,-21.008,-22.504,15.359,29.344
0.133,0.617,0.667,-30.275,-19.756,6.244,29.352
0.190,0.617,0.679,-39.557,-6.336,-8.137,29.430
0.122,0.609,0.695,-53.786,0.412,-21.832,29.367
0.026,0.568,0.794,-68.382,-4.214,-31.176,29.367
-0.060,0.532,0.943,-75.878,-6.244,-33.847,29.336
-0.115,0.503,1.091,-76.092,-8.519,-32.840,29.375
-0.097,0.468,1.225,-70.901,1.588,-30.931,29.352
0.064,0.454,1.307,-58.198,37.802,-31.160,29.406
-0.192,0.497,1.263,-47.267,64.427,-32.931,29.406
-0.371,0.507,1.141,-43.893,30.702,-21.420,29.430
-0.241,0.450,1.135,-35.985,3.206,-6.015,29.336
-0.108,0.420,1.119,-19.725,-6.611,3.756,29.375
-0.088,0.450,1.011,-9.038,-17.298,10.137,29.375
-0.050,0.462,0.956,-6.168,-31.481,13.191,29.391
0.004,0.470,0.923,-4.763,-33.832,15.420,29.414
0.056,0.473,0.902,-4.611,-24.015,13.939,29.383
0.050,0.470,0.890,-7.008,-7.023,11.267,29.352
0.010,0.469,0.871,-12.718,3.817,11.145,29.352
-0.008,0.467,0.878,-16.595,6.641,13.053,29.391
-0.001,0.469,0.895,-18.137,2.840,14.611,29.383
0.051,0.477,0.941,-18.763,-1.985,14.809,29.383
0.112,0.481,0.982,-18.183,-2.809,11.435,29.383
0.142,0.470,1.011,-15.817,-1.206,9.038,29.445
0.155,0.468,1.019,-12.153,1.267,9.053,29.398
0.159,0.462,1.007,-8.748,0.702,10.061,29.414
0.177,0.459,1.006,-4.687,-2.687,10.076,29.398
0.172,0.451,0.991,0.977,-4.092,10.244,29.391
0.160,0.440,0.961,4.672,-5.023,11.481,29.375
0.150,0.448,0.943,5.771,-5.191,11.466,29.406
0.153,0.462,0.938,2.718,-6.061,7.573,29.391
0.141,0.451,0.958,-0.733,-1.405,3.053,29.414
0.101,0.435,0.956,-1.267,2.748,2.382,29.391
0.091,0.434,0.947,-0.427,0.656,4.290,29.367
0.120,0.443,0.941,1.023,-3.573,4.977,29.391
0.165,0.458,0.949,1.893,-4.779,3.511,29.336
0.190,0.477,0.951,1.573,1.618,-0.870,29.352
0.177,0.480,0.947,-0.931,9.817,-6.504,29.422
0.135,0.474,0.936,-3.191,16.885,-9.847,29.391
0.085,0.466,0.921,-3.847,20.794,-10.611,29.359
0.037,0.454,0.908,-3.695,18.626,-8.718,29.445
0.019,0.453,0.913,-2.290,12.855,-5.023,29.375
0.011,0.458,0.917,0.702,8.916,-0.412,29.445
0.020,0.477,0.901,1.817,5.008,3.008,29.383
0.026,0.479,0.908,1.405,2.031,4.351,29.398
0.014,0.466,0.910,2.641,-0.519,6.702,29.422
0.005,0.468,0.910,4.702,-4.641,9.573,29.398
0.010,0.470,0.912,6.366,-8.168,12.565,29.398
0.025,0.476,0.924,7.481,-7.160,15.756,29.445
0.029,0.477,0.940,8.031,-6.397,18.580,29.438
0.043,0.475,0.958,9.313,-7.328,20.885,29.445
0.066,0.476,0.978,10.168,-13.023,20.840,29.414
0.103,0.471,1.023,12.916,-15.634,19.435,29.414
0.130,0.478,1.014,15.130,-7.481,17.786,29.461
0.117,0.473,1.028,15.145,-3.588,13.740,29.438
0.118,0.481,1.015,15.221,1.053,10.595,29.438
0.106,0.481,0.999,16.763,8.076,7.221,29.438
0.079,0.473,0.950,18.977,10.061,5.084,29.461
0.074,0.465,0.909,20.885,7.832,4.824,29.422
0.064,0.461,0.875,22.779,6.947,5.847,29.445
0.051,0.457,0.847,25.435,3.664,7.313,29.445
0.050,0.460,0.827,28.427,0.137,8.656,29.430
0.049,0.472,0.800,29.756,-2.809,9.573,29.469
0.062,0.477,0.786,29.282,-6.290,9.710,29.477
0.084,0.489,0.784,28.366,-6.565,8.626,29.414
0.092,0.497,0.780,26.458,-4.824,7.344,29.461
0.097,0.497,0.778,23.603,-3.191,6.046,29.414
0.100,0.493,0.783,19.893,-1.389,4.763,29.469
0.104,0.493,0.794,14.595,-1.908,2.916,29.477
0.112,0.478,0.830,7.939,-1.420,1.496,29.477
0.106,0.464,0.879,2.626,1.908,1.466,29.438
0.098,0.472,0.919,0.977,3.573,-0.061,29.445
0.096,0.468,0.948,1.145,5.435,-3.695,29.398
0.084,0.463,0.959,1.282,8.794,-6.305,29.484
0.063,0.454,0.958,0.000,12.916,-7.191,29.406
0.036,0.451,0.943,-0.641,14.489,-7.649,29.422
0.014,0.439,0.917,1.603,13.557,-7.679,29.484
-0.005,0.435,0.882,5.084,11.374,-6.733,29.445
-0.019,0.436,0.847,7.267,7.817,-5.130,29.469
-0.024,0.429,0.831,8.489,2.611,-2.779,29.477
-0.015,0.427,0.816,8.748,0.397,0.931,29.453
-0.021,0.442,0.803,3.466,0.809,4.763,29.445
-0.006,0.442,0.776,-13.328,-0.565,8.962,29.445
0.032,0.484,0.767,-27.328,4.550,12.031,29.469
0.010,0.474,0.785,-31.511,7.588,10.031,29.453
-0.008,0.443,0.822,-24.168,4.702,7.359,29.453
0.009,0.446,0.843,-19.618,2.458,5.344,29.469
0.035,0.457,0.877,-18.229,7.496,4.290,29.445
0.043,0.463,0.898,-16.015,11.878,2.397,29.414
0.046,0.465,0.914,-11.084,11.420,-1.359,29.453
0.041,0.466,0.922,-4.107,8.840,-4.336,29.438
0.033,0.473,0.923,2.718,3.542,-7.267,29.438
0.030,0.465,0.916,8.336,-2.015,-9.344,29.484
0.037,0.462,0.907,10.992,-4.382,-9.924,29.469
0.046,0.452,0.882,7.603,-2.672,-9.191,29.484
0.034,0.438,0.880,2.260,4.107,-7.725,29.477
0.003,0.421,0.873,-2.473,10.626,-4.885,29.445
-0.034,0.422,0.867,-10.153,13.725,0.275,29.484
-0.054,0.438,0.884,-14.779,13.679,5.328,29.438
-0.051,0.451,0.897,-12.931,11.634,8.321,29.477
-0.031,0.475,0.907,-12.122,7.282,8.107,29.469
-0.012,0.475,0.923,-12.855,3.618,6.595,29.430
-0.005,0.455,0.934,-10.153,4.336,6.855,29.461
-0.008,0.459,0.935,-6.229,2.962,8.107,29.445
0.002,0.471,0.931,-3.603,-0.931,8.290,29.500
0.023,0.473,0.943,-0.824,-3.542,8.305,29.492
0.047,0.489,0.953,1.664,-1.893,7.817,29.492
0.069,0.506,0.964,-1.618,4.504,5.145,29.430
0.044,0.475,0.978,-6.473,13.282,2.824,29.453
0.016,0.467,0.971,-8.229,19.969,3.924,29.484
0.008,0.481,0.965,-9.725,22.748,4.489,29.438
0.003,0.473,0.964,-11.344,23.573,3.466,29.508
-0.001,0.473,0.974,-13.206,25.511,2.672,29.492
-0.024,0.471,0.982,-12.275,26.534,3.084,29.461
-0.020,0.480,0.977,-9.832,24.534,3.634,29.500
0.016,0.490,0.985,-6.565,23.313,2.626,29.508
0.031,0.481,0.975,-2.840,27.802,0.840,29.484
0.026,0.472,0.953,-0.885,30.779,-0.931,29.508
0.011,0.465,0.923,-0.229,31.542,-1.160,29.500
-0.009,0.463,0.902,0.702,29.511,-0.107,29.523
-0.016,0.460,0.883,1.084,25.038,1.573,29.484
-0.035,0.462,0.873,1.053,21.115,3.130,29.500
-0.052,0.470,0.861,-0.290,10.198,2.626,29.477
-0.026,0.463,0.868,-1.237,2.122,0.122,29.516
-0.010,0.455,0.870,-0.672,2.473,-2.351,29.531
-0.016,0.457,0.859,-0.748,4.458,-3.817,29.539
-0.013,0.473,0.859,-1.863,0.718,-6.397,29.500
0.065,0.484,0.881,-0.336,-1.099,-14.244,29.516
0.091,0.493,0.911,4.137,3.221,-26.626,29.445
0.056,0.530,0.938,11.649,6.183,-42.153,29.508
-0.004,0.585,0.875,17.298,-1.069,-62.137,29.516
-0.298,0.568,0.788,13.664,-30.794,-69.069,29.516
-0.141,0.498,0.880,15.939,-79.191,-75.145,29.469
0.044,0.459,0.973,22.672,-75.740,-79.359,29.516
0.125,0.323,0.959,30.214,-32.076,-80.519,29.500
0.089,0.197,0.952,64.855,2.885,-92.718,29.508
-0.228,0.218,0.960,116.550,53.008,-62.015,29.477
-0.838,0.632,0.794,152.458,1.206,26.595,29.500
-0.455,0.597,1.061,148.458,-72.137,75.389,29.508
-0.495,0.593,1.128,154.168,-94.031,50.458,29.531
-0.421,0.589,0.976,147.847,-79.237,21.634,29.508
-0.012,0.494,0.658,161.756,-61.969,-1.969,29.531
0.336,0.440,0.429,196.565,-92.397,-15.298,29.500
0.414,0.654,0.525,176.550,-136.214,-8.824,29.531
0.373,0.768,0.657,127.405,-123.405,-6.550,29.508
0.190,0.768,0.780,89.252,-108.931,-17.023,29.516
0.113,0.681,0.811,69.939,-81.573,-24.000,29.492
0.100,0.677,0.699,55.328,-70.244,-21.634,29.539
-0.002,0.706,0.759,63.160,-75.634,-10.382,29.492
-0.065,0.718,0.750,88.580,-101.374,-4.336,29.547
-0.093,0.715,0.647,119.389,-152.198,-18.153,29.516
-0.046,0.876,0.584,130.718,-242.595,-62.672,29.523
-0.049,0.693,0.522,-45.282,-250.122,-177.939,29.500
0.328,0.880,0.740,-157.695,-250.122,-250.122,29.508
0.474,1.083,1.028,-168.519,-250.122,-250.122,29.547
0.674,0.897,0.908,-147.038,-250.122,-250.122,29.531
0.562,1.098,0.797,-135.985,-230.076,-250.122,29.539
0.654,0.294,0.541,-126.962,-26.840,-250.122,29.523
0.419,0.456,0.378,-102.840,160.351,-250.122,29.562
0.314,0.581,0.382,-115.710,243.725,-250.122,29.547
0.069,0.591,0.519,-132.962,231.756,-250.122,29.578
-0.098,0.474,0.512,-109.450,214.763,-250.122,29.484
-0.171,0.352,0.568,-22.718,198.321,-209.893,29.539
-0.425,0.257,0.522,69.206,142.443,-154.198,29.523
-0.313,0.273,0.676,139.542,63.298,-137.298,29.516
-0.329,0.326,0.755,189.817,14.840,-150.962,29.523
-0.334,0.397,0.688,205.405,-23.237,-168.137,29.555
-0.613,0.370,0.605,199.817,-63.099,-171.847,29.531
-0.087,0.455,1.281,105.069,-7.481,-179.176,29.578
-0.383,0.652,0.652,-104.687,45.756,-250.122,29.547
-0.610,0.541,0.588,-129.389,-134.290,-250.122,29.570
-0.396,0.658,0.499,-152.901,-222.015,-250.122,29.516
-0.241,0.648,0.455,-154.183,-195.359,-236.626,29.570
-0.176,0.598,0.459,-145.328,-134.550,-218.229,29.531
-0.292,0.431,0.495,-140.565,-76.443,-206.870,29.547
-0.221,0.438,0.696,-148.092,-10.351,-219.053,29.539
-0.295,0.378,0.717,-172.198,28.489,-248.107,29.531
-0.091,0.488,0.186,-250.122,-250.122,-250.122,29.539
0.177,0.227,0.374,-250.122,-250.122,-250.122,29.586
0.401,-0.329,1.574,-250.122,-250.122,-250.122,29.586
-0.712,-0.927,2.383,-220.046,250.130,-250.122,29.609
-0.780,-0.355,0.861,-70.870,250.130,-54.412,29.562
-0.458,-0.240,0.660,-172.229,250.130,-50.443,29.586
-0.418,-0.306,1.086,-235.542,250.130,-213.313,29.578
-1.063,-0.610,1.084,-213.160,250.130,-250.122,29.570
-1.947,-0.507,1.344,25.099,250.130,-250.122,29.562
-1.376,-0.336,0.446,67.435,23.145,-223.267,29.625
-1.283,-0.343,0.708,47.435,-14.947,-193.313,29.570
-1.502,-0.392,0.697,50.443,-127.084,-161.740,29.602
-1.246,-0.348,0.489,30.885,-250.122,-170.244,29.547
-1.060,-0.235,0.534,-2.031,-250.122,-178.580,29.617
-0.835,-0.214,0.594,-22.794,-250.122,-176.214,29.578
-0.602,-0.298,0.607,-42.550,-250.122,-185.359,29.578
-0.375,-0.371,0.808,-54.336,-250.122,-189.985,29.609
0.482,-0.584,1.529,-27.038,-250.122,-200.107,29.578
0.949,-0.509,1.048,-6.733,-250.122,-211.924,29.578
1.118,-0.260,0.692,-24.534,-206.947,-184.229,29.594
0.544,-0.362,0.896,-37.389,73.282,-179.176,29.625
-0.113,-0.499,1.069,-20.840,147.359,-165.145,29.570
-0.574,-0.479,0.954,3.344,132.229,-134.656,29.586
-0.282,-0.419,0.783,15.466,89.557,-115.481,29.539
-0.020,-0.438,0.804,8.718,28.168,-113.725,29.516
0.050,-0.511,0.947,8.550,20.107,-114.916,29.570
0.131,-0.544,0.975,12.641,24.260,-114.015,29.508
0.101,-0.534,0.947,11.573,5.527,-120.595,29.594
0.109,-0.436,0.892,8.489,-14.443,-137.328,29.578
0.073,-0.460,0.893,0.931,-9.756,-136.168,29.594
-0.093,-0.432,0.918,-6.962,-10.809,-135.573,29.570
-0.181,-0.473,0.879,-10.260,-10.550,-117.740,29.531
-0.059,-0.497,0.863,-12.015,-20.061,-104.595,29.562
0.013,-0.524,0.904,-9.695,-17.557,-95.221,29.602
0.062,-0.557,0.887,-7.557,-2.626,-86.260,29.578
0.077,-0.572,0.926,-10.855,-0.305,-81.695,29.555
0.119,-0.544,0.976,-6.809,27.710,-73.725,29.547
0.095,-0.481,0.994,0.992,69.313,-65.695,29.531
0.034,-0.411,0.980,3.298,96.076,-54.382,29.555
0.037,-0.310,0.949,-10.275,82.794,-52.412,29.539
0.079,-0.265,0.968,-27.740,61.176,-55.450,29.547
0.164,-0.269,0.943,-34.870,42.840,-71.084,29.539
0.121,-0.313,0.946,-31.084,27.450,-91.084,29.508
0.053,-0.356,0.931,-22.061,20.107,-98.779,29.477
0.035,-0.366,0.872,-13.573,22.046,-100.641,29.578
-0.003,-0.397,0.832,-10.168,25.557,-94.947,29.555
-0.014,-0.422,0.830,-12.244,37.481,-85.130,29.547
0.072,-0.458,0.821,-17.573,65.344,-70.947,29.531
0.064,-0.490,0.850,-17.527,87.466,-63.084,29.547
-0.004,-0.503,0.869,-10.198,100.137,-55.939,29.586
-0.068,-0.486,0.867,1.115,103.695,-44.321,29.523
-0.172,-0.447,0.875,11.115,71.084,-33.313,29.578
-0.157,-0.316,0.852,11.450,5.282,-30.779,29.453
-0.010,-0.261,0.818,1.786,-48.534,-32.641,29.516
0.147,-0.452,0.958,-17.053,-121.115,-50.733,29.492
0.267,-0.504,1.110,-8.366,-117.618,-64.962,29.539
0.311,-0.444,0.898,5.740,3.511,-49.939,29.445
0.045,-0.414,0.917,8.718,46.641,-40.473,29.484
-0.014,-0.423,0.813,6.763,7.359,-47.099,29.516
0.022,-0.384,0.804,-5.084,-33.237,-50.092,29.500
0.102,-0.350,0.894,-10.015,-51.206,-54.198,29.547
0.149,-0.334,0.885,-9.878,-50.046,-60.351,29.477
0.063,-0.344,0.874,-14.031,-71.771,-65.450,29.539
0.151,-0.371,0.964,-14.519,-96.443,-73.771,29.547
0.252,-0.405,1.031,-4.107,-94.885,-84.137,29.461
0.283,-0.353,1.000,3.038,-80.931,-94.260,29.492
0.238,-0.302,0.960,5.130,-53.664,-88.534,29.516
0.174,-0.332,0.977,5.069,-34.672,-78.107,29.523
0.196,-0.287,1.006,7.328,-13.802,-68.092,29.500
0.239,-0.276,0.955,1.115,9.817,-58.015,29.500
0.217,-0.375,0.953,-6.611,27.359,-48.870,29.539
0.184,-0.376,0.968,-9.023,27.328,-39.786,29.523
0.176,-0.382,0.990,-12.458,25.756,-30.611,29.539
0.167,-0.378,0.990,-11.374,25.908,-26.626,29.523
0.204,-0.345,0.990,-7.023,23.176,-27.115,29.539
0.191,-0.326,0.976,0.565,27.023,-25.191,29.531
0.038,-0.059,0.999,8.504,7.756,-10.000,29.547
0.052,-0.281,1.010,8.641,-20.733,4.107,29.539
0.011,-0.392,0.837,4.748,-27.802,-7.389,29.523
-0.002,-0.469,0.787,6.962,-39.145,-35.084,29.500
0.083,-0.450,0.843,11.099,-49.038,-53.313,29.500
0.183,-0.360,0.901,12.534,-34.656,-46.611,29.547
0.207,-0.349,0.908,3.435,-5.389,-30.031,29.531
0.254,-0.407,0.903,-7.450,31.679,-20.168,29.508
0.188,-0.380,0.891,-7.710,58.489,-20.061,29.492
0.114,-0.379,0.851,-10.748,48.794,-16.427,29.523
0.130,-0.384,0.843,-12.290,35.771,-14.580,29.539
0.152,-0.358,0.862,-11.893,28.321,-12.000,29.539
0.177,-0.345,0.874,-9.359,22.351,-15.252,29.508
0.279,-0.312,0.948,-9.771,32.824,-16.061,29.570
0.322,-0.254,1.057,-8.305,81.756,-13.160,29.484
0.181,-0.407,0.983,-4.458,130.626,-2.290,29.508
0.079,-0.572,0.921,0.489,165.298,9.466,29.508
-0.001,-0.475,0.853,-6.275,157.863,13.924,29.531
0.013,-0.440,0.889,-7.588,133.710,12.336,29.555
0.046,-0.416,0.891,1.649,102.992,9.115,29.523
0.050,-0.440,0.821,-0.534,60.000,5.802,29.539
0.061,-0.494,0.888,-8.733,30.733,12.626,29.523
0.061,-0.438,0.992,-16.290,38.916,25.023,29.547
-0.045,-0.533,0.982,-34.718,47.588,29.191,29.516
-0.086,-0.564,0.886,-52.992,42.748,32.229,29.516
-0.114,-0.504,0.879,-58.336,42.580,24.580,29.547
0.026,-0.453,0.924,-61.389,56.840,27.557,29.508
0.088,-0.357,0.970,-62.794,82.260,36.702,29.500
0.051,-0.404,0.932,-54.947,86.840,39.878,29.523
0.009,-0.425,0.936,-39.206,59.695,29.221,29.547
-0.007,-0.380,0.951,-23.786,15.939,4.382,29.531
0.032,-0.450,0.988,-13.527,-26.076,-16.947,29.523
0.092,-0.453,1.040,-10.260,-53.756,-26.565,29.547
0.131,-0.426,1.088,-12.183,-57.832,-34.931,29.531
0.120,-0.412,1.031,-16.672,-48.962,-32.611,29.500
0.119,-0.388,0.956,-17.282,-46.656,-27.908,29.547
0.090,-0.393,0.903,-11.084,-46.809,-25.893,29.570
0.080,-0.385,0.862,-1.817,-50.061,-25.328,29.562
0.067,-0.413,0.869,8.427,-51.466,-27.649,29.539
0.053,-0.432,0.837,13.878,-57.084,-30.962,29.547
-0.008,-0.457,0.791,12.183,-60.183,-22.275,29.523
0.073,-0.448,0.827,-3.359,-33.252,5.786,29.523
0.191,-0.417,0.927,2.992,-41.481,-10.519,29.516
0.138,-0.507,0.873,17.847,-56.794,-22.092,29.523
0.157,-0.477,0.859,20.840,-52.794,-12.763,29.562
0.235,-0.395,0.942,5.573,-38.443,-2.702,29.547
0.301,-0.327,0.997,-11.466,0.931,11.710,29.516
0.228,-0.393,0.909,-15.893,32.382,28.382,29.523
0.069,-0.427,0.794,-23.756,42.015,39.847,29.492
0.031,-0.486,0.803,-27.450,29.450,35.084,29.508
0.036,-0.518,0.866,-20.885,13.863,26.504,29.531
0.093,-0.489,0.891,-12.015,5.618,18.305,29.578
0.118,-0.467,0.864,-8.977,4.000,10.916,29.531
0.156,-0.470,0.851,-8.931,3.038,6.885,29.531
0.161,-0.494,0.854,-9.954,3.237,3.573,29.562
0.119,-0.492,0.812,-14.565,-3.099,-0.427,29.539
0.160,-0.495,0.809,-15.511,-10.260,-2.763,29.570
0.201,-0.466,0.835,-8.702,2.000,3.603,29.508
0.187,-0.483,0.845,0.519,15.069,11.069,29.570
0.180,-0.529,0.825,5.221,3.069,9.145,29.500
0.199,-0.514,0.887,4.137,-6.061,4.031,29.453
0.210,-0.483,0.910,1.374,-1.298,6.305,29.523
0.221,-0.470,0.945,-3.145,4.397,13.969,29.547
0.181,-0.474,0.949,-1.893,7.084,17.969,29.500
0.158,-0.485,0.972,1.267,6.763,17.725,29.516
0.149,-0.490,1.000,3.328,3.053,13.649,29.523
0.160,-0.506,1.050,2.901,-6.153,4.931,29.523
0.169,-0.467,1.045,4.611,-8.672,1.496,29.461
0.168,-0.481,1.008,8.427,-8.977,3.374,29.547
0.134,-0.461,0.986,15.359,-4.046,6.534,29.531
0.143,-0.350,0.980,31.069,-3.954,4.962,29.523
0.119,-0.427,0.906,51.969,-3.908,-8.031,29.477
0.136,-0.556,0.915,67.466,-38.290,-21.282,29.578
0.243,-0.507,0.893,70.366,-48.992,-32.076,29.477
0.402,-0.413,0.785,46.656,27.542,-39.725,29.508
0.131,-0.282,0.882,23.466,46.458,-13.420,29.500
0.126,-0.289,0.893,14.214,27.084,3.893,29.562
0.140,-0.413,0.843,12.870,16.870,4.137,29.508
0.101,-0.467,0.779,11.405,18.168,-3.359,29.445
0.109,-0.455,0.814,9.817,15.099,-13.679,29.562
0.114,-0.438,0.838,14.076,14.901,-26.244,29.508
0.116,-0.421,0.908,12.275,17.649,-32.244,29.547
0.142,-0.427,0.942,9.405,20.351,-36.244,29.531
0.166,-0.430,0.992,2.779,23.740,-40.015,29.539
0.163,-0.399,1.032,-1.588,22.229,-42.779,29.531
0.160,-0.372,1.043,-1.511,17.664,-41.802,29.500
0.157,-0.359,1.064,4.275,13.237,-39.893,29.531
0.150,-0.362,1.086,11.496,8.015,-38.229,29.523
0.156,-0.371,1.134,18.031,0.473,-38.107,29.523
0.113,-0.310,1.133,18.412,-10.351,-37.420,29.523
0.081,-0.295,1.074,14.748,-17.588,-31.740,29.500
0.056,-0.334,1.002,10.351,-17.817,-26.015,29.508
0.058,-0.340,0.951,4.305,-15.756,-23.771,29.523
0.079,-0.313,0.927,-11.344,-5.115,-18.733,29.523
0.091,-0.297,0.911,-29.527,7.450,-8.641,29.516
0.084,-0.292,0.875,-42.015,13.863,3.511,29.539
0.074,-0.303,0.836,-48.702,20.275,15.725,29.539
0.085,-0.340,0.799,-53.038,27.191,23.176,29.555
0.123,-0.363,0.755,-52.672,36.046,21.969,29.523
0.161,-0.365,0.711,-51.008,62.290,23.038,29.500
0.051,-0.414,0.715,-47.573,65.695,22.382,29.492
0.045,-0.432,0.754,-37.420,44.489,12.076,29.516
0.063,-0.435,0.783,-21.664,32.122,2.519,29.492
0.066,-0.430,0.804,-4.626,23.588,0.076,29.547
0.078,-0.433,0.845,7.313,19.802,1.527,29.539
0.060,-0.440,0.891,15.405,17.435,-0.290,29.531
0.056,-0.433,0.913,18.763,16.244,-1.634,29.531
0.046,-0.436,0.945,23.252,17.176,-4.061,29.555
0.068,-0.405,0.953,23.084,23.374,-0.763,29.539
0.076,-0.392,0.970,22.076,32.046,2.015,29.539
0.035,-0.398,0.985,19.405,34.305,5.344,29.539
0.019,-0.406,0.986,17.969,23.786,4.718,29.562
0.035,-0.407,0.983,18.427,16.779,2.427,29.547
0.041,-0.400,0.983,20.412,15.252,0.962,29.492
0.047,-0.384,0.979,22.473,13.023,2.183,29.523
0.050,-0.375,0.974,24.366,11.374,5.374,29.555
0.036,-0.373,0.964,27.115,10.473,8.443,29.555
0.033,-0.387,0.957,28.275,10.046,9.084,29.555
0.037,-0.403,0.963,26.290,9.405,7.328,29.477
0.063,-0.390,0.986,21.160,9.878,5.634,29.562
0.068,-0.364,1.013,13.313,16.718,8.092,29.531
0.042,-0.362,1.018,6.473,25.649,13.969,29.516
0.000,-0.363,1.018,0.794,31.969,20.458,29.523
-0.043,-0.387,1.011,-2.748,36.412,22.275,29.547
-0.092,-0.397,0.988,-4.519,34.351,15.618,29.555
-0.108,-0.394,0.954,-7.328,29.756,8.366,29.516
-0.103,-0.394,0.942,-8.534,28.351,3.588,29.578
-0.091,-0.395,0.923,-7.588,28.412,0.580,29.539
-0.113,-0.396,0.899,-5.679,24.305,-1.740,29.555
-0.118,-0.406,0.899,-2.519,15.328,-5.176,29.586
-0.092,-0.396,0.909,0.611,11.664,-9.771,29.547
-0.083,-0.373,0.906,2.153,11.237,-11.542,29.570
-0.075,-0.369,0.904,3.237,10.366,-9.908,29.539
-0.064,-0.381,0.906,5.267,9.893,-9.099,29.594
-0.056,-0.372,0.912,8.305,9.359,-9.389,29.609
-0.042,-0.361,0.909,10.382,8.321,-8.183,29.562
-0.031,-0.360,0.910,11.237,7.573,-6.336,29.578
-0.022,-0.360,0.917,13.237,6.473,-4.885,29.531
-0.014,-0.361,0.923,16.183,3.664,-3.359,29.531
-0.003,-0.351,0.920,18.122,1.359,-0.809,29.523
-0.006,-0.353,0.931,18.015,-0.107,2.305,29.586
-0.016,-0.358,0.949,18.198,-3.939,4.748,29.586
-0.017,-0.362,0.964,19.008,-6.550,6.733,29.547
-0.031,-0.370,0.984,19.160,-8.687,6.473,29.562
-0.044,-0.372,1.003,17.924,-11.191,3.725,29.578
-0.042,-0.363,1.003,15.420,-11.924,1.939,29.602
-0.023,-0.350,1.017,12.870,-8.687,2.656,29.523
-0.002,-0.341,1.031,10.046,-0.458,4.977,29.578
-0.002,-0.341,1.036,6.412,7.924,7.725,29.562
-0.009,-0.344,1.044,2.702,11.832,10.595,29.570
-0.010,-0.351,1.052,0.168,14.840,13.695,29.547
-0.018,-0.359,1.056,-1.618,17.679,15.099,29.586
-0.039,-0.364,1.051,-2.992,19.160,14.840,29.547
-0.068,-0.366,1.020,-5.053,17.160,13.924,29.594
-0.092,-0.370,0.988,-8.168,14.092,13.053,29.586
-0.140,-0.381,0.936,-10.489,7.405,11.130,29.547
-0.165,-0.387,0.909,-9.542,-6.595,7.008,29.562
-0.145,-0.396,0.901,-6.443,-9.893,-0.137,29.594
-0.136,-0.408,0.896,-3.939,-3.435,-10.427,29.562
-0.093,-0.411,0.899,-0.580,6.061,-18.931,29.570
-0.065,-0.368,0.908,1.206,17.435,-23.252,29.562
-0.066,-0.337,0.898,0.076,18.733,-21.985,29.562
-0.038,-0.328,0.904,-2.214,18.702,-17.481,29.594
-0.040,-0.328,0.928,-3.756,19.603,-12.840,29.602
-0.029,-0.345,0.965,-3.832,16.534,-9.069,29.594
-0.010,-0.338,0.981,-2.901,18.336,-7.221,29.570
-0.012,-0.375,1.013,0.031,20.779,-6.656,29.578
0.009,-0.362,1.029,5.573,33.237,-8.351,29.602
-0.044,-0.328,1.013,8.718,39.374,-8.626,29.609
-0.086,-0.327,0.984,7.130,32.947,-6.275,29.602
-0.120,-0.330,0.976,5.053,17.985,-5.069,29.594
-0.124,-0.334,0.975,4.107,3.374,-4.870,29.625
-0.111,-0.336,0.970,3.191,-6.656,-4.305,29.617
-0.083,-0.334,0.974,2.382,-10.977,-2.458,29.648
-0.064,-0.338,0.975,1.206,-8.595,0.718,29.609
-0.067,-0.349,0.973,-0.031,-3.160,3.466,29.617
-0.085,-0.347,0.960,-2.427,-1.405,4.824,29.633
-0.094,-0.346,0.946,-5.649,-2.763,5.450,29.602
-0.106,-0.344,0.924,-9.328,-4.824,6.794,29.664
-0.119,-0.357,0.913,-11.313,-11.939,7.954,29.633
-0.118,-0.367,0.910,-11.069,-18.519,6.534,29.656
-0.125,-0.375,0.907,-9.282,-24.260,3.282,29.656
-0.106,-0.372,0.905,-6.733,-28.840,1.389,29.664
-0.080,-0.365,0.910,-2.992,-29.053,0.641,29.625
-0.067,-0.365,0.891,0.122,-25.252,1.511,29.648
-0.058,-0.376,0.891,1.115,-19.374,2.412,29.648
-0.051,-0.379,0.911,2.351,-15.511,0.763,29.648
-0.038,-0.356,0.915,3.542,-13.069,-0.656,29.633
-0.034,-0.351,0.929,2.794,-6.962,-0.641,29.609
-0.042,-0.354,0.942,2.290,-1.939,0.656,29.688
-0.035,-0.353,0.967,3.160,2.534,1.542,29.617
-0.016,-0.333,0.993,3.863,9.588,2.122,29.609
-0.018,-0.327,1.001,2.931,15.588,4.290,29.703
-0.035,-0.332,1.011,1.649,15.008,6.779,29.625
-0.038,-0.340,1.023,1.405,9.985,8.458,29.688
-0.035,-0.352,1.036,2.061,6.519,9.023,29.672
-0.043,-0.356,1.032,2.992,3.847,8.824,29.656
-0.053,-0.348,1.012,2.947,1.206,8.672,29.664
-0.066,-0.352,0.991,1.237,-0.580,9.725,29.617
-0.080,-0.367,0.974,-0.611,-2.412,10.794,29.688
-0.076,-0.370,0.956,-3.023,-1.679,9.740,29.695
-0.076,-0.372,0.938,-6.183,3.863,7.908,29.680
-0.082,-0.370,0.929,-8.321,8.244,6.809,29.672
-0.082,-0.367,0.909,-9.069,10.366,6.824,29.695
-0.082,-0.365,0.900,-8.611,10.702,6.412,29.672
-0.087,-0.369,0.901,-6.748,9.115,5.817,29.680
-0.092,-0.370,0.911,-3.740,6.214,5.679,29.695
-0.096,-0.373,0.939,0.015,4.198,5.130,29.688
-0.101,-0.373,0.969,3.084,1.542,4.885,29.656
-0.101,-0.369,0.997,3.985,0.550,3.985,29.742
-0.108,-0.368,1.026,3.328,0.611,2.336,29.719
-0.119,-0.373,1.048,1.985,-1.511,0.840,29.664
-0.104,-0.373,1.068,-0.092,-2.733,-1.450,29.672
-0.086,-0.367,1.067,-2.473,-2.015,-3.710,29.703
-0.069,-0.362,1.052,-5.130,-2.061,-4.870,29.688
-0.047,-0.356,1.027,-8.260,-0.580,-4.092,29.742
-0.040,-0.355,0.996,-10.519,2.626,-2.824,29.742
-0.048,-0.360,0.970,-11.435,4.489,-2.214,29.703
-0.067,-0.362,0.942,-11.298,3.634,-2.824,29.680
-0.078,-0.363,0.908,-11.328,0.061,-4.015,29.656
-0.072,-0.367,0.885,-11.206,-1.725,-4.122,29.688
-0.068,-0.369,0.863,-10.031,0.046,-3.969,29.695
-0.080,-0.370,0.843,-7.298,0.183,-3.405,29.695
-0.076,-0.368,0.828,-4.153,-3.267,-3.084,29.719
-0.068,-0.360,0.821,-1.359,-2.870,-2.183,29.734
-0.072,-0.360,0.828,1.756,-0.855,-0.275,29.680
-0.083,-0.362,0.847,4.718,0.000,1.863,29.742
-0.089,-0.366,0.885,7.023,-1.084,2.351,29.742
-0.087,-0.362,0.926,8.809,-2.107,1.908,29.680
-0.079,-0.356,0.952,8.916,-1.435,2.061,29.727
-0.071,-0.353,0.972,7.725,1.725,2.977,29.711
-0.073,-0.351,0.989,6.901,5.176,3.145,29.781
-0.078,-0.346,1.002,5.649,6.397,2.794,29.773
-0.080,-0.349,1.017,4.443,5.740,2.260,29.742
-0.076,-0.355,1.031,4.779,2.962,1.130,29.727
-0.072,-0.353,1.033,6.397,-1.359,-0.916,29.727
-0.064,-0.352,1.027,6.962,-5.664,-2.275,29.742
-0.053,-0.349,1.020,5.740,-7.603,-2.366,29.758
-0.047,-0.346,1.011,3.908,-5.420,-1.649,29.727
-0.052,-0.350,1.000,2.137,-1.496,-0.840,29.711
-0.063,-0.348,0.981,0.321,-0.046,-0.763,29.742
-0.065,-0.343,0.958,-1.588,-1.160,-0.931,29.695
-0.063,-0.342,0.945,-2.550,-0.366,-0.351,29.781
-0.069,-0.346,0.935,-1.740,0.137,0.153,29.734
-0.072,-0.346,0.927,0.000,-0.977,0.137,29.742
-0.085,-0.351,0.916,1.924,-2.885,-1.023,29.742
-0.095,-0.362,0.920,4.672,-7.481,-2.305,29.734
-0.080,-0.362,0.933,8.214,-10.977,-2.000,29.773
-0.060,-0.349,0.938,9.359,-10.275,-0.687,29.719
-0.052,-0.342,0.941,7.847,-6.595,0.229,29.773
-0.056,-0.349,0.953,7.267,-3.084,1.176,29.758
-0.073,-0.357,0.972,9.466,-0.443,1.527,29.703
-0.087,-0.358,0.989,13.069,-1.145,0.733,29.711
-0.083,-0.354,0.983,14.977,-3.496,-1.069,29.719
-0.087,-0.359,0.969,14.656,-7.527,-2.168,29.734
-0.074,-0.359,0.966,14.962,-12.397,-1.176,29.742
-0.052,-0.350,0.979,15.786,-11.863,1.771,29.750
-0.046,-0.342,1.001,17.069,-7.405,3.542,29.703
-0.059,-0.349,1.008,22.458,-5.084,4.733,29.750
-0.056,-0.353,1.011,27.527,-8.901,4.687,29.734
-0.036,-0.336,1.002,26.901,-14.336,3.786,29.820
-0.016,-0.316,1.014,20.885,-17.511,4.550,29.711
-0.003,-0.312,1.026,15.435,-14.962,5.954,29.758
-0.012,-0.303,1.033,9.466,-8.489,8.183,29.750
-0.033,-0.308,1.042,3.863,-2.290,9.634,29.773
-0.055,-0.315,1.049,-1.588,0.702,8.687,29.766
-0.071,-0.314,1.034,-10.427,3.252,3.038,29.742
-0.083,-0.319,1.006,-13.099,4.519,0.809,29.789
-0.089,-0.318,0.982,-15.023,4.321,0.046,29.781
-0.088,-0.319,0.962,-16.321,4.397,-0.153,29.742
-0.087,-0.318,0.945,-16.809,5.206,-0.763,29.750
-0.088,-0.320,0.926,-16.382,5.725,-1.313,29.812
-0.084,-0.319,0.908,-15.649,6.275,-1.466,29.766
-0.078,-0.319,0.892,-15.267,8.275,-1.573,29.781
-0.090,-0.325,0.881,-14.321,9.008,-2.351,29.750
-0.095,-0.331,0.880,-11.969,6.321,-4.031,29.789
-0.087,-0.326,0.883,-8.977,3.939,-5.389,29.719
-0.077,-0.320,0.896,-5.771,2.427,-5.557,29.750
-0.063,-0.323,0.905,-2.611,1.008,-4.443,29.805
-0.046,-0.323,0.919,-0.229,0.580,-2.947,29.734
-0.041,-0.327,0.939,2.061,2.000,-1.252,29.758
-0.046,-0.325,0.955,3.924,2.977,0.183,29.836
-0.042,-0.323,0.970,4.763,2.947,1.618,29.812
-0.035,-0.313,0.984,5.924,1.664,4.366,29.812
-0.033,-0.317,0.992,8.290,2.336,8.443,29.781
-0.078,-0.348,0.982,10.809,4.702,9.679,29.773
-0.096,-0.357,0.986,11.756,0.397,5.649,29.805
-0.077,-0.349,0.996,10.718,-5.664,-2.534,29.812
-0.057,-0.333,0.985,6.962,-7.389,-5.237,29.805
-0.025,-0.328,0.976,2.916,-4.687,-4.183,29.773
-0.015,-0.324,0.967,-0.947,1.420,-2.595,29.766
-0.024,-0.327,0.967,-4.702,7.130,-2.137,29.805
-0.039,-0.333,0.967,-7.374,9.863,-2.382,29.781
-0.049,-0.331,0.963,-9.771,8.458,-3.466,29.758
-0.040,-0.329,0.967,-12.443,7.450,-4.015,29.781
-0.038,-0.331,0.970,-14.122,7.908,-3.893,29.781
-0.056,-0.327,0.972,-13.176,6.076,-3.771,29.781
-0.085,-0.347,0.965,-9.588,2.641,-4.962,29.773
-0.103,-0.351,0.977,-4.061,-6.137,-8.702,29.805
-0.073,-0.333,0.985,1.435,-13.878,-10.763,29.773
-0.033,-0.318,0.980,3.679,-13.863,-9.420,29.836
-0.016,-0.312,0.975,2.824,-10.275,-5.603,29.805
-0.019,-0.310,0.975,1.786,-8.031,-1.069,29.805
-0.021,-0.310,0.967,0.656,-4.992,4.015,29.805
-0.033,-0.322,0.973,-1.344,0.992,9.664,29.797
-0.036,-0.331,0.975,1.786,9.893,13.878,29.805
-0.057,-0.321,0.956,-0.382,5.863,7.023,29.773
-0.068,-0.335,0.971,-1.374,1.328,2.031,29.797
-0.058,-0.323,0.961,-1.298,-2.198,-1.176,29.773
-0.042,-0.323,0.961,-0.550,-2.519,-2.183,29.820
-0.041,-0.322,0.954,-0.321,-1.496,-1.557,29.789
-0.060,-0.324,0.945,0.107,-4.748,-1.389,29.797
-0.047,-0.330,0.951,0.351,-6.260,-1.786,29.859
-0.054,-0.328,0.950,-0.107,-4.901,-2.489,29.758
-0.056,-0.333,0.957,-1.282,-4.519,-2.275,29.828
-0.042,-0.329,0.970,-2.183,-3.695,-2.534,29.852
-0.046,-0.329,0.973,-2.214,-2.870,-2.244,29.781
-0.051,-0.335,0.965,-2.031,-3.099,-1.786,29.805
-0.054,-0.334,0.962,-2.366,-2.992,-1.649,29.766
-0.061,-0.333,0.959,-1.969,-4.305,-1.771,29.828
-0.054,-0.337,0.960,-1.374,-8.794,-2.931,29.812
-0.052,-0.338,0.962,-0.641,-15.435,-4.824,29.875
-0.042,-0.383,1.055,10.565,-10.840,0.947,29.789
-0.038,-0.368,1.081,31.603,12.015,18.412,29.820
-0.051,-0.310,0.916,36.443,25.832,29.939,29.828
-0.053,-0.281,0.864,25.481,26.824,31.511,29.820
-0.061,-0.315,0.916,16.519,23.328,23.557,29.812
-0.118,-0.356,0.984,14.046,22.519,16.580,29.805
-0.099,-0.323,0.960,12.153,6.473,13.298,29.797
-0.054,-0.303,0.977,10.183,-6.840,7.099,29.844
-0.014,-0.299,0.980,8.656,-7.710,4.794,29.852
-0.036,-0.294,0.982,8.427,-5.252,3.679,29.836
-0.078,-0.311,0.978,7.710,-4.458,3.954,29.805
-0.108,-0.321,0.988,8.412,-2.489,8.366,29.820
-0.079,-0.314,0.991,6.901,-5.908,7.527,29.859
-0.034,-0.306,1.017,5.191,-8.260,3.191,29.844
-0.042,-0.299,1.011,3.802,-6.901,2.366,29.812
-0.047,-0.292,1.004,6.336,-6.519,6.687,29.883
-0.030,-0.293,0.999,7.802,-6.260,9.023,29.820
-0.061,-0.299,0.983,7.191,-1.053,12.244,29.797
-0.072,-0.299,0.954,3.130,-2.366,11.328,29.844
-0.058,-0.302,0.992,0.336,-4.672,4.107,29.828
-0.060,-0.292,0.980,0.015,-3.603,-1.038,29.859
-0.055,-0.287,0.980,-0.779,-2.763,-1.771,29.820
-0.029,-0.281,0.986,-1.298,0.641,-0.244,29.812
-0.034,-0.280,0.990,-1.542,5.237,1.771,29.898
-0.063,-0.291,0.985,-0.275,5.252,4.305,29.867
-0.077,-0.298,0.984,1.786,-3.160,3.939,29.883
-0.066,-0.292,0.984,2.809,-6.916,3.038,29.812
-0.057,-0.289,0.975,2.870,-6.366,2.321,29.828
-0.059,-0.287,0.973,3.160,-3.725,1.725,29.930
-0.056,-0.284,0.975,2.458,-0.275,0.687,29.875
-0.066,-0.289,0.979,1.008,2.000,-0.443,29.914
-0.088,-0.300,0.972,1.313,-0.565,-1.267,29.859
-0.082,-0.298,0.952,2.321,-8.061,-3.344,29.891
-0.051,-0.294,0.939,1.237,-12.427,-5.985,29.836
-0.031,-0.294,0.944,1.130,-9.298,-6.198,29.859
-0.018,-0.292,0.958,2.031,-6.916,-4.550,29.875
-0.002,-0.292,0.973,2.687,-5.893,-2.031,29.875
-0.008,-0.293,0.983,2.718,-5.313,0.168,29.859
-0.041,-0.302,0.993,3.298,-5.771,1.374,29.852
-0.073,-0.318,1.012,4.122,-11.053,-1.328,29.859
-0.071,-0.313,1.026,4.550,-14.153,-4.901,29.898
-0.063,-0.304,1.035,4.092,-13.450,-5.115,29.883
-0.057,-0.306,1.039,2.870,-11.725,-4.321,29.859
-0.061,-0.306,1.038,0.992,-11.450,-4.092,29.828
-0.049,-0.305,1.038,-1.374,-10.046,-3.481,29.883
-0.045,-0.299,1.037,-3.328,-7.603,-3.847,29.938
-0.050,-0.298,1.025,-5.298,-6.885,-3.786,29.867
-0.065,-0.308,1.019,-6.443,-11.847,-5.084,29.930
-0.052,-0.304,1.020,-5.145,-19.710,-8.595,29.883
-0.055,-0.300,0.999,-5.374,-22.519,-11.542,29.891
-0.039,-0.289,0.991,-6.336,-22.916,-13.573,29.930
-0.025,-0.276,0.986,-6.962,-18.534,-14.321,29.961
-0.019,-0.269,0.971,-8.351,-14.046,-12.595,29.875
-0.001,-0.270,0.955,-10.947,-10.275,-10.550,29.867
0.005,-0.272,0.955,-11.985,-7.115,-10.916,29.914
0.024,-0.267,0.954,-11.679,-4.962,-11.038,29.930
0.043,-0.263,0.958,-11.573,-2.137,-10.305,29.914
0.050,-0.259,0.962,-11.115,0.366,-8.916,29.891
0.055,-0.263,0.964,-10.260,3.282,-6.962,29.906
0.046,-0.269,0.960,-10.076,8.031,-4.748,29.852
0.011,-0.282,0.951,-10.855,8.962,-3.603,29.906
-0.001,-0.286,0.964,-10.672,5.573,-4.702,29.844
-0.003,-0.286,0.972,-9.466,4.046,-6.107,29.898
0.003,-0.288,0.978,-7.847,2.336,-4.565,29.969
0.020,-0.294,0.974,-5.481,3.847,-0.382,29.930
0.029,-0.303,0.968,-5.588,7.008,5.282,29.914
0.018,-0.315,0.965,-5.053,7.756,8.305,29.898
-0.006,-0.323,0.964,-2.458,5.267,7.847,29.945
-0.029,-0.330,0.961,-0.611,0.931,7.191,29.914
-0.026,-0.337,0.964,0.305,-5.802,4.244,29.922
-0.012,-0.328,0.974,0.305,-5.328,1.878,29.945
-0.011,-0.325,0.990,-0.504,-1.206,2.504,30.031
-0.015,-0.331,1.004,-1.725,1.481,3.099,29.938
-0.026,-0.334,1.006,-3.466,1.603,2.397,29.992
-0.027,-0.334,1.008,-5.985,2.763,1.924,29.914
-0.033,-0.335,1.015,-8.595,7.573,2.015,29.984
-0.049,-0.339,1.010,-10.351,10.351,1.969,29.914
-0.066,-0.342,0.999,-9.695,9.038,-0.321,29.930
-0.069,-0.337,0.988,-8.168,5.206,-3.008,29.961
-0.047,-0.332,0.973,-5.679,1.389,-4.718,29.898
-0.036,-0.322,0.965,-5.481,1.557,-4.046,29.984
-0.023,-0.321,0.974,-5.069,1.282,-3.298,29.984
-0.016,-0.318,0.979,-4.183,-0.107,-5.023,29.945
-0.007,-0.310,0.970,-4.397,-1.695,-6.550,29.906
0.008,-0.303,0.973,-4.763,-2.260,-6.656,29.969
0.029,-0.297,0.971,-5.405,-0.122,-5.481,29.938
0.029,-0.291,0.964,-6.611,2.794,-2.870,30.008
0.018,-0.297,0.962,-6.000,2.214,-0.321,29.945
0.008,-0.302,0.955,-4.947,1.908,0.718,29.992
0.000,-0.306,0.950,-4.870,2.901,1.466,29.992
-0.007,-0.310,0.944,-4.473,5.511,2.122,30.008
-0.019,-0.312,0.948,-3.130,6.977,4.153,29.953
-0.019,-0.321,0.952,-1.053,7.313,5.176,30.000
-0.035,-0.328,0.953,-0.229,5.954,4.092,29.977
-0.027,-0.331,0.959,0.290,3.695,2.901,29.953
-0.019,-0.329,0.964,1.038,2.504,2.076,30.008
-0.006,-0.331,0.966,1.130,3.511,1.573,30.031
-0.018,-0.337,0.966,1.084,3.389,1.267,29.977
-0.022,-0.342,0.971,1.099,1.481,-0.382,30.000
-0.017,-0.338,0.978,0.214,2.718,-0.687,30.008
-0.015,-0.340,0.983,-0.198,4.427,0.244,29.953
-0.013,-0.341,0.990,-0.504,5.954,0.641,29.977
-0.018,-0.348,0.994,-0.992,6.504,1.267,29.977
-0.024,-0.350,0.995,-1.420,4.519,0.992,29.961
-0.025,-0.347,0.996,-1.893,3.191,1.115,30.008
-0.036,-0.350,0.996,-2.000,4.061,1.099,30.039
-0.052,-0.351,0.987,-1.588,2.870,0.702,29.961
-0.049,-0.352,0.983,-1.496,0.244,-1.237,29.992
-0.039,-0.347,0.995,-2.244,0.229,-2.916,29.992
-0.040,-0.346,1.001,-3.160,0.702,-3.542,30.000
-0.043,-0.343,0.998,-3.786,-2.794,-5.008,30.023
-0.024,-0.334,0.990,-4.473,-2.840,-6.290,30.023
-0.017,-0.329,0.980,-5.252,-0.275,-6.015,29.969
-0.009,-0.322,0.977,-5.649,0.855,-5.069,30.055
-0.005,-0.321,0.971,-4.947,0.351,-4.031,29.969
0.001,-0.314,0.965,-4.504,-0.534,-3.160,30.047
-0.002,-0.316,0.960,-4.366,0.107,-1.603,30.008
-0.012,-0.320,0.955,-3.053,-1.206,-1.221,29.992
-0.014,-0.320,0.949,-2.046,-1.618,-1.679,29.992
-0.012,-0.319,0.948,-1.573,-1.145,-1.435,30.055
-0.005,-0.319,0.946,-0.977,-0.458,-0.885,30.008
-0.006,-0.317,0.945,0.168,-0.336,0.244,30.016
-0.016,-0.323,0.943,1.969,-2.947,1.420,30.016
-0.021,-0.328,0.942,3.405,-4.290,0.366,30.055
-0.019,-0.328,0.948,2.901,-2.519,0.137,30.031
-0.016,-0.329,0.953,2.260,-0.672,0.580,30.055
-0.007,-0.327,0.956,1.924,0.763,0.855,30.016
0.002,-0.329,0.958,1.145,1.954,2.137,30.094
0.009,-0.327,0.962,0.550,4.397,4.718,30.055
0.003,-0.332,0.966,0.305,7.038,7.588,30.023
-0.017,-0.340,0.970,0.305,8.870,8.901,30.031
-0.038,-0.347,0.975,0.504,8.076,8.534,30.008
-0.045,-0.351,0.977,0.687,6.870,7.542,29.992
-0.052,-0.352,0.980,1.176,5.847,6.092,30.055
-0.065,-0.355,0.987,0.855,5.359,4.168,30.023
-0.085,-0.360,0.980,0.748,1.603,1.573,30.039
-0.071,-0.354,0.979,0.595,-2.641,-1.908,30.086
-0.054,-0.347,0.980,-0.840,0.840,-3.221,29.969
-0.042,-0.347,0.986,-2.702,4.595,-3.130,30.047
-0.038,-0.340,0.984,-3.191,5.817,-3.267,30.070
-0.034,-0.339,0.984,-3.573,6.321,-3.176,30.070
-0.030,-0.336,0.983,-3.817,4.748,-3.130,30.016
-0.019,-0.325,0.983,-3.115,2.351,-2.809,30.031
-0.016,-0.324,0.982,-2.687,0.779,-1.679,30.055
-0.007,-0.320,0.981,-2.107,-0.473,-1.115,30.031
-0.008,-0.317,0.978,-1.695,0.992,-0.504,30.078
-0.015,-0.318,0.969,-1.817,2.412,0.183,30.047
-0.026,-0.320,0.960,-1.435,0.687,-0.260,30.055
-0.018,-0.315,0.959,-1.481,1.069,-0.305,30.070
-0.017,-0.318,0.956,-1.817,1.985,0.718,30.133
-0.012,-0.319,0.957,-1.374,2.168,1.145,30.062
-0.024,-0.324,0.950,-0.626,1.740,1.206,30.102
-0.024,-0.327,0.952,0.168,-0.626,1.527,30.070
-0.025,-0.328,0.958,1.069,-0.672,2.244,30.094
-0.031,-0.330,0.966,1.557,0.229,3.481,30.070
-0.041,-0.337,0.969,1.405,0.702,4.443,30.094
-0.044,-0.337,0.972,0.885,1.298,4.977,30.078
-0.049,-0.338,0.975,0.260,2.611,5.664,30.078
-0.056,-0.343,0.970,0.061,3.481,5.450,30.055
-0.063,-0.344,0.969,0.427,1.908,4.000,30.086
-0.068,-0.345,0.973,1.237,0.168,1.908,30.133
-0.062,-0.345,0.974,1.985,-1.924,0.473,30.078
-0.050,-0.343,0.979,2.061,-1.939,-0.076,30.055
-0.039,-0.341,0.979,1.969,-2.641,-0.198,30.078
-0.031,-0.338,0.982,1.237,-2.168,0.092,30.070
-0.028,-0.336,0.983,-0.229,-0.427,1.099,30.094
-0.035,-0.337,0.983,-1.267,0.565,1.344,30.086
-0.047,-0.339,0.977,-1.618,-0.061,0.504,30.109
-0.049,-0.339,0.972,-1.908,-1.084,-0.641,30.094
-0.042,-0.338,0.973,-1.954,-1.115,-1.420,30.078
-0.033,-0.334,0.974,-1.802,-0.076,-1.298,30.086
-0.026,-0.334,0.977,-1.710,0.672,-0.763,30.070
-0.026,-0.338,0.977,-1.634,0.336,-0.611,30.086
-0.035,-0.338,0.974,-1.313,-0.962,-1.634,30.039
-0.029,-0.331,0.973,-1.557,-0.336,-1.878,30.055
-0.033,-0.333,0.971,-1.863,1.069,-1.481,30.094
-0.033,-0.333,0.970,-1.771,0.397,-1.527,30.078
-0.030,-0.334,0.967,-1.481,-0.733,-1.924,30.078
-0.027,-0.334,0.966,-1.527,0.382,-1.634,30.156
-0.030,-0.340,0.965,-1.405,0.244,-1.282,30.078
-0.024,-0.335,0.967,-1.084,0.382,-1.389,30.109
-0.022,-0.335,0.966,-1.496,1.588,-0.397,30.109
-0.019,-0.334,0.969,-1.221,1.710,0.519,30.125
-0.021,-0.333,0.965,-0.275,1.374,1.115,30.102
-0.025,-0.334,0.968,-0.031,0.534,1.344,30.102
-0.031,-0.338,0.976,0.855,-1.634,0.458,30.102
-0.025,-0.332,0.984,1.221,-3.053,0.183,30.125
-0.021,-0.333,0.985,0.611,-1.542,1.267,30.086
-0.022,-0.333,0.982,0.000,-0.656,1.679,30.125
-0.024,-0.332,0.977,-0.366,0.244,2.076,30.133
-0.030,-0.332,0.972,-0.901,0.534,2.687,30.102
-0.026,-0.332,0.970,-1.527,1.053,3.008,30.109
-0.027,-0.333,0.961,-2.076,1.786,3.450,30.078
-0.026,-0.336,0.954,-2.076,1.374,3.206,30.086
-0.029,-0.333,0.953,-1.771,1.130,3.145,30.086
-0.038,-0.334,0.952,-1.344,1.771,3.481,30.086
-0.052,-0.339,0.947,-0.595,0.427,2.977,30.109
-0.051,-0.336,0.950,-0.046,-0.183,1.969,30.125
-0.052,-0.335,0.955,0.214,1.130,1.634,30.078
-0.057,-0.336,0.957,0.702,0.855,1.176,30.125
-0.057,-0.337,0.957,1.389,-0.672,0.168,30.109
-0.045,-0.332,0.962,1.588,-0.702,-0.321,30.148
-0.042,-0.329,0.966,1.359,1.099,0.321,30.133
-0.043,-0.334,0.972,1.237,0.809,0.550,30.102
-0.044,-0.333,0.974,1.252,-0.305,0.061,30.094
-0.038,-0.329,0.981,0.916,0.809,0.397,30.164
-0.036,-0.333,0.982,0.260,1.969,0.794,30.117
-0.038,-0.333,0.981,0.046,1.160,0.153,30.148
-0.036,-0.331,0.980,0.168,0.290,-0.458,30.102
-0.037,-0.332,0.978,-0.122,0.870,0.015,30.078
-0.039,-0.334,0.976,-0.214,0.931,0.137,30.148
-0.043,-0.336,0.968,-0.473,0.000,0.000,30.133
-0.034,-0.337,0.971,-0.672,-0.534,-0.031,30.094
-0.038,-0.339,0.967,-0.794,0.382,0.321,30.141
-0.037,-0.336,0.966,-1.176,0.931,0.550,30.188
-0.041,-0.337,0.962,-1.420,2.321,0.733,30.125
-0.051,-0.340,0.962,-0.794,2.229,0.229,30.148
-0.054,-0.341,0.967,-0.275,0.794,-1.145,30.141
-0.054,-0.342,0.973,-0.076,-1.008,-2.275,30.133
-0.039,-0.339,0.978,0.153,-1.863,-2.962,30.133
-0.035,-0.337,0.978,0.031,-2.550,-2.763,30.125
-0.025,-0.334,0.980,-0.397,-1.985,-2.260,30.156
-0.024,-0.334,0.978,-1.176,0.168,-1.160,30.148
-0.024,-0.332,0.979,-1.664,1.740,-0.214,30.102
-0.027,-0.330,0.981,-2.000,2.489,0.427,30.148
-0.023,-0.332,0.979,-2.336,2.015,0.641,30.156
-0.024,-0.330,0.975,-2.183,1.832,0.702,30.117
-0.039,-0.333,0.970,-1.511,0.489,0.382,30.125
-0.040,-0.330,0.969,-0.382,-3.267,-0.809,30.164
-0.035,-0.330,0.972,-0.198,-3.756,-0.977,30.188
-0.034,-0.330,0.976,0.107,-3.374,-0.763,30.133
-0.033,-0.330,0.973,0.092,-3.206,-0.626,30.148
-0.031,-0.331,0.971,-0.595,-2.534,-0.183,30.156
-0.029,-0.329,0.967,-1.023,-1.267,0.275,30.195
-0.027,-0.328,0.966,-1.374,0.229,1.282,30.172
-0.034,-0.333,0.961,-1.649,0.763,1.527,30.156
-0.033,-0.333,0.961,-1.725,1.282,1.267,30.133
-0.034,-0.333,0.960,-1.496,1.191,1.573,30.141
-0.031,-0.332,0.959,-1.237,1.115,1.985,30.164
-0.032,-0.333,0.965,-0.595,0.947,2.458,30.188
-0.033,-0.336,0.969,-0.229,0.519,2.794,30.141
-0.040,-0.339,0.969,-0.031,-0.076,2.702,30.180
-0.044,-0.339,0.968,0.260,-1.344,2.031,30.148
-0.042,-0.340,0.971,0.397,-2.412,1.405,30.180
-0.042,-0.340,0.974,0.702,-2.504,0.870,30.164
-0.043,-0.340,0.977,0.656,-1.908,0.153,30.148
-0.042,-0.343,0.978,0.198,-1.176,0.137,30.164
-0.042,-0.344,0.982,0.046,-1.817,-0.229,30.133
-0.040,-0.346,0.983,-0.305,-1.435,-1.084,30.141
-0.040,-0.345,0.979,-1.282,-0.076,-1.221,30.164
-0.042,-0.345,0.976,-1.847,1.405,-1.160,30.117
-0.043,-0.345,0.973,-2.015,1.282,-1.481,30.180
-0.041,-0.344,0.968,-2.458,1.099,-1.832,30.148
-0.037,-0.343,0.968,-2.305,0.305,-1.847,30.156
-0.034,-0.342,0.966,-1.695,0.748,-1.802,30.188
-0.035,-0.342,0.961,-1.588,0.504,-1.649,30.164
-0.026,-0.337,0.966,-1.328,0.366,-1.252,30.141
-0.028,-0.333,0.967,-1.267,1.267,-0.702,30.148
-0.029,-0.335,0.965,-1.206,0.534,-0.305,30.172
-0.035,-0.335,0.965,-0.931,-0.473,-0.641,30.141
-0.034,-0.334,0.966,-0.672,-0.916,-1.176,30.188
-0.027,-0.332,0.967,-0.824,-0.305,-1.145,30.125
-0.022,-0.329,0.969,-0.855,0.656,-0.626,30.188
-0.023,-0.331,0.966,-1.053,1.527,-0.473,30.180
-0.026,-0.332,0.965,-1.053,0.840,-0.443,30.164
-0.026,-0.329,0.966,-1.206,0.229,-0.473,30.180
-0.024,-0.331,0.971,-0.962,0.702,-0.183,30.156
-0.026,-0.334,0.969,-0.916,0.290,0.107,30.172
-0.029,-0.335,0.971,-0.977,0.519,0.504,30.180
-0.034,-0.338,0.972,-0.885,0.580,0.489,30.211
-0.034,-0.339,0.969,-0.763,-0.092,0.351,30.188
-0.032,-0.335,0.969,-0.687,-0.260,0.275,30.164
-0.029,-0.337,0.967,-0.641,1.191,0.397,30.180
-0.032,-0.339,0.965,-0.489,1.802,0.168,30.211
-0.032,-0.338,0.966,-0.305,1.389,0.061,30.219
-0.029,-0.337,0.972,-0.427,1.740,0.260,30.195
-0.030,-0.338,0.969,-0.168,1.985,0.412,30.227
-0.033,-0.338,0.972,-0.031,0.718,0.275,30.148
-0.031,-0.341,0.972,-0.061,0.107,0.626,30.180
-0.034,-0.341,0.969,0.000,-0.748,0.427,30.172
-0.031,-0.338,0.973,-0.382,0.275,0.748,30.148
-0.037,-0.339,0.974,-0.473,0.901,1.023,30.164
-0.040,-0.339,0.967,-0.565,1.038,0.672,30.188
-0.039,-0.340,0.964,-0.580,1.176,0.137,30.258
-0.037,-0.338,0.960,-0.733,1.664,-0.076,30.180
-0.030,-0.340,0.963,-0.779,1.878,0.137,30.211
-0.032,-0.342,0.963,-0.733,2.641,0.397,30.211
-0.038,-0.342,0.964,-0.687,0.779,0.183,30.219
-0.032,-0.337,0.962,-1.053,2.641,0.855,30.188
-0.032,-0.341,0.962,-0.489,1.725,1.130,30.250
-0.038,-0.340,0.960,-0.076,0.595,0.458,30.180
-0.034,-0.338,0.968,0.397,-0.809,0.153,30.242
-0.025,-0.337,0.976,0.595,-0.626,0.366,30.172
-0.023,-0.339,0.977,0.427,-0.977,0.794,30.219
-0.019,-0.335,0.983,-0.107,0.443,1.450,30.258
-0.029,-0.341,0.983,-0.504,2.305,2.198,30.203
-0.041,-0.342,0.983,-0.412,1.863,1.710,30.242
-0.041,-0.342,0.982,-0.443,1.557,1.023,30.180
-0.044,-0.341,0.980,-0.321,2.031,0.290,30.242
-0.045,-0.339,0.980,0.260,0.183,-0.794,30.234
-0.037,-0.338,0.975,0.122,-0.840,-0.962,30.172
-0.029,-0.336,0.977,-0.153,-1.832,-0.656,30.203
-0.027,-0.332,0.973,-0.458,-0.901,0.305,30.172
-0.030,-0.333,0.971,-1.115,0.229,1.756,30.203
-0.034,-0.335,0.969,-1.389,1.130,2.870,30.219
-0.041,-0.336,0.966,-1.588,1.802,3.527,30.227
-0.048,-0.337,0.958,-1.817,1.450,3.679,30.156
-0.048,-0.339,0.955,-1.405,1.115,3.374,30.227
-0.047,-0.339,0.951,-0.824,0.550,3.069,30.242
-0.046,-0.336,0.950,-0.092,0.351,2.809,30.250
-0.056,-0.336,0.949,1.450,-0.611,1.847,30.188
-0.059,-0.341,0.951,2.809,-2.992,0.275,30.227
-0.051,-0.335,0.957,3.634,-4.046,-1.084,30.188
-0.035,-0.331,0.972,3.847,-2.336,-0.794,30.234
-0.035,-0.333,0.984,3.267,-0.916,-0.092,30.234
-0.033,-0.333,0.990,2.214,-0.366,0.015,30.266
-0.030,-0.335,0.989,0.534,1.603,0.412,30.172
-0.031,-0.335,0.985,-0.672,3.206,0.947,30.242
-0.031,-0.335,0.983,-1.267,3.008,0.855,30.195
-0.034,-0.336,0.977,-1.908,3.985,0.733,30.219
-0.041,-0.339,0.969,-2.046,3.618,0.687,30.234
-0.046,-0.343,0.966,-1.206,0.763,-0.198,30.258
-0.040,-0.342,0.967,-0.611,-0.489,-1.496,30.242
-0.040,-0.341,0.969,-0.382,0.015,-1.282,30.211
-0.041,-0.344,0.973,-0.244,-0.122,-1.221,30.203
-0.046,-0.347,0.970,-0.153,-1.298,-2.122,30.219
-0.043,-0.343,0.970,-0.366,-1.282,-2.427,30.250
-0.036,-0.342,0.973,-1.145,0.626,-1.740,30.219
-0.034,-0.340,0.973,-1.573,1.771,-1.038,30.219
-0.039,-0.340,0.976,-1.893,1.725,-0.824,30.219
-0.041,-0.340,0.979,-1.817,1.252,-0.901,30.203
-0.036,-0.340,0.974,-1.679,1.237,-0.824,30.219
-0.034,-0.338,0.974,-1.969,1.771,-0.733,30.195
-0.035,-0.336,0.972,-1.878,1.573,-0.733,30.219
-0.038,-0.336,0.972,-2.000,1.679,-0.641,30.219
-0.051,-0.339,0.971,-1.802,-0.031,-0.931,30.227
-0.040,-0.335,0.976,-1.618,-0.687,-1.405,30.203
-0.035,-0.336,0.979,-1.710,0.779,-0.611,30.180
-0.036,-0.338,0.975,-1.771,0.947,-0.183,30.188
-0.039,-0.339,0.967,-1.771,0.153,-0.458,30.297
-0.044,-0.340,0.961,-1.405,-0.153,-0.885,30.203
-0.042,-0.338,0.960,-1.069,-0.260,-1.359,30.211
-0.039,-0.336,0.963,-1.252,0.519,-1.573,30.227
-0.036,-0.335,0.960,-1.099,0.321,-1.603,30.258
-0.029,-0.333,0.957,-1.145,0.550,-1.221,30.266
-0.024,-0.334,0.958,-1.527,1.511,-0.443,30.203
-0.032,-0.334,0.959,-1.557,1.847,-0.061,30.266
-0.041,-0.335,0.962,-1.099,2.092,-0.183,30.219
-0.048,-0.338,0.965,-0.748,1.786,-0.473,30.266
-0.046,-0.340,0.971,-0.626,1.145,-1.466,30.188
-0.040,-0.341,0.973,-0.473,0.809,-1.985,30.195
-0.033,-0.339,0.975,-0.580,-0.565,-1.863,30.227
-0.030,-0.338,0.974,-0.901,0.656,-1.008,30.219
-0.039,-0.342,0.977,-1.176,1.344,-0.198,30.219
-0.052,-0.346,0.975,-1.252,1.191,-0.382,30.250
-0.063,-0.349,0.970,-1.420,0.702,-2.031,30.211
-0.067,-0.349,0.972,-2.076,0.534,-4.305,30.219
-0.060,-0.347,0.971,-2.733,1.420,-5.588,30.242
-0.054,-0.345,0.971,-3.328,1.847,-6.168,30.234
-0.051,-0.347,0.972,-4.351,2.595,-6.672,30.234
-0.062,-0.351,0.971,-5.313,3.450,-7.725,30.266
-0.057,-0.352,0.973,-6.321,3.588,-9.099,30.234
-0.053,-0.347,0.964,-6.916,4.122,-9.588,30.258
-0.033,-0.347,0.963,-6.763,3.679,-9.160,30.234
-0.019,-0.341,0.959,-6.137,4.382,-7.802,30.289
-0.016,-0.347,0.953,-5.267,4.626,-5.954,30.234
-0.023,-0.347,0.946,-3.389,2.305,-4.733,30.234
-0.024,-0.347,0.951,-2.046,0.504,-3.954,30.211
-0.036,-0.349,0.955,-0.580,-0.565,-3.557,30.266
-0.034,-0.350,0.956,0.626,-1.496,-3.420,30.258
-0.032,-0.349,0.957,0.626,-0.519,-2.916,30.266
-0.031,-0.349,0.963,0.443,-0.885,-2.443,30.211
-0.032,-0.350,0.961,0.534,-2.885,-2.290,30.250
-0.032,-0.347,0.968,1.160,-5.496,-2.504,30.242
-0.031,-0.347,0.966,1.924,-7.450,-2.244,30.242
-0.012,-0.345,0.974,2.366,-8.443,-2.000,30.219
-0.005,-0.339,0.981,2.321,-6.565,-0.046,30.281
-0.012,-0.347,0.982,2.229,-3.176,2.779,30.297
-0.032,-0.356,0.976,0.412,-0.870,0.137,30.234
-0.056,-0.352,0.979,-0.458,-0.992,-0.931,30.312
-0.053,-0.354,0.978,-1.359,-2.733,-2.626,30.258
-0.051,-0.354,0.976,-1.985,-2.916,-4.092,30.305
-0.049,-0.354,0.978,-2.763,-6.244,-5.481,30.266
-0.030,-0.351,0.988,-3.725,-7.756,-6.305,30.289
-0.017,-0.351,0.987,-5.328,-5.832,-5.756,30.258
-0.007,-0.350,0.979,-6.794,-3.282,-4.458,30.289
-0.001,-0.350,0.976,-7.893,-1.053,-3.405,30.289
0.004,-0.348,0.979,-9.115,0.962,-1.786,30.305
-0.011,-0.344,1.029,-11.679,2.061,0.153,30.234
-0.040,-0.362,1.087,-16.580,-5.145,0.611,30.281
-0.043,-0.365,1.085,-22.824,-22.244,-1.756,30.266
0.012,-0.381,1.073,-27.969,-28.916,-2.992,30.219
0.030,-0.362,1.022,-30.916,-27.145,-2.122,30.289
0.044,-0.363,0.986,-33.924,-19.588,1.038,30.281
0.038,-0.367,0.962,-34.137,-12.275,2.672,30.242
0.023,-0.374,0.930,-31.420,-5.908,3.359,30.320
-0.006,-0.386,0.900,-28.382,-0.198,4.076,30.281
-0.017,-0.402,0.894,-24.992,1.939,2.992,30.273
-0.040,-0.412,0.886,-21.420,1.405,0.931,30.266
-0.039,-0.416,0.889,-17.023,-4.809,-2.015,30.258
-0.020,-0.413,0.886,-12.885,-6.550,-3.557,30.289
-0.009,-0.409,0.876,-10.000,-4.107,-2.855,30.273
-0.002,-0.406,0.877,-7.282,-1.298,-1.954,30.297
-0.000,-0.405,0.876,-3.863,-0.427,-0.931,30.266
0.003,-0.404,0.879,-1.298,0.382,0.076,30.242
-0.003,-0.401,0.879,0.763,0.519,0.733,30.289
-0.001,-0.400,0.885,2.870,0.107,0.748,30.273
-0.003,-0.396,0.885,4.718,0.168,0.794,30.273
0.006,-0.389,0.890,6.107,0.809,1.542,30.289
0.008,-0.390,0.892,7.511,0.855,2.382,30.281
0.005,-0.384,0.914,8.412,1.649,2.794,30.297
-0.007,-0.384,0.930,8.565,3.206,3.099,30.273
-0.013,-0.385,0.943,8.351,3.191,2.931,30.281
-0.014,-0.387,0.951,7.847,3.634,2.107,30.203
-0.011,-0.385,0.953,7.099,5.099,1.435,30.305
-0.006,-0.384,0.960,6.229,6.443,1.359,30.266
-0.007,-0.385,0.958,5.725,6.672,1.542,30.258
-0.008,-0.388,0.967,5.832,4.000,0.916,30.320
-0.001,-0.384,0.973,5.206,2.885,0.962,30.297
0.007,-0.384,0.973,3.893,3.481,2.137,30.289
0.003,-0.387,0.971,3.481,3.252,2.702,30.305
-0.005,-0.386,0.965,3.618,3.038,2.656,30.344
-0.003,-0.385,0.961,3.664,3.145,3.542,30.250
-0.004,-0.387,0.956,3.817,4.137,3.954,30.297
-0.013,-0.390,0.951,4.107,3.435,3.481,30.344
-0.010,-0.387,0.950,4.351,2.122,2.931,30.305
-0.005,-0.383,0.946,4.382,4.290,3.359,30.352
-0.009,-0.385,0.944,4.595,5.679,4.214,30.352
-0.010,-0.387,0.943,4.794,5.649,4.427,30.266
-0.019,-0.388,0.942,4.840,6.137,4.153,30.297
-0.029,-0.389,0.943,5.023,5.954,3.679,30.281
-0.034,-0.388,0.942,5.221,5.695,3.084,30.297
-0.033,-0.387,0.940,5.344,5.405,2.305,30.312
-0.033,-0.389,0.941,5.588,4.824,0.901,30.297
-0.032,-0.382,0.942,5.786,4.595,-0.183,30.289
-0.025,-0.380,0.943,5.618,5.069,-0.198,30.289
-0.018,-0.379,0.948,5.725,5.771,0.076,30.312
-0.013,-0.374,0.953,6.031,5.725,0.305,30.305
-0.009,-0.370,0.960,5.924,5.710,1.328,30.336
-0.018,-0.370,0.965,6.061,5.527,1.878,30.328
-0.023,-0.369,0.970,5.786,4.779,2.122,30.305
-0.028,-0.368,0.970,5.130,5.053,2.351,30.266
-0.027,-0.371,0.966,4.702,5.649,2.427,30.344
-0.019,-0.368,0.961,4.824,6.611,2.000,30.312
-0.015,-0.360,0.959,4.550,10.718,2.947,30.273
-0.022,-0.364,0.963,4.580,13.359,4.153,30.305
-0.021,-0.362,0.971,4.702,14.504,4.870,30.312
-0.029,-0.364,0.968,4.137,15.145,5.802,30.305
-0.030,-0.365,0.969,3.893,13.954,6.137,30.289
-0.037,-0.366,0.963,4.534,12.321,6.275,30.320
-0.041,-0.359,0.957,4.672,9.023,6.290,30.273
-0.041,-0.360,0.959,4.702,9.710,6.534,30.312
-0.049,-0.361,0.957,5.725,11.893,7.618,30.312
-0.047,-0.365,0.966,7.939,15.893,8.947,30.312
-0.042,-0.339,0.917,10.427,21.908,12.733,30.305
-0.043,-0.333,0.886,6.824,18.382,10.870,30.289
-0.029,-0.346,0.919,7.313,14.855,9.573,30.320
-0.030,-0.342,0.928,11.359,15.771,11.817,30.297
-0.059,-0.354,0.942,13.405,14.443,13.267,30.281
-0.088,-0.359,0.975,14.153,8.947,11.053,30.305
-0.105,-0.356,0.987,14.015,1.618,8.779,30.328
-0.094,-0.352,1.000,12.519,-3.954,6.244,30.336
-0.083,-0.347,1.005,10.733,-6.809,5.252,30.320
-0.062,-0.341,1.013,8.183,-8.137,4.519,30.312
-0.050,-0.336,1.019,4.595,-4.870,4.962,30.328
-0.061,-0.339,1.016,1.725,-1.405,5.679,30.344
-0.071,-0.344,1.007,0.611,-0.779,5.313,30.359
-0.070,-0.345,0.998,-0.489,0.107,4.824,30.320
-0.079,-0.349,0.990,-1.099,1.252,3.695,30.391
-0.085,-0.352,0.982,-0.733,-1.298,1.954,30.312
-0.082,-0.355,0.974,-0.611,-5.389,-0.366,30.312
-0.071,-0.348,0.971,-0.779,-6.168,-1.267,30.312
-0.066,-0.349,0.969,-1.069,-4.779,-0.229,30.336
-0.066,-0.349,0.969,-1.191,-3.634,0.412,30.312
-0.072,-0.350,0.968,-1.634,-2.336,0.748,30.281
-0.076,-0.351,0.967,-2.015,-1.237,0.733,30.312
-0.083,-0.351,0.964,-1.756,-2.427,0.183,30.336
-0.083,-0.348,0.964,-1.573,-2.916,-0.794,30.312
-0.084,-0.347,0.961,-1.893,-3.405,-1.084,30.344
-0.078,-0.346,0.964,-1.771,-3.649,-2.000,30.336
-0.070,-0.344,0.958,-1.924,-3.588,-2.305,30.375
-0.052,-0.339,0.962,-2.321,-1.985,-1.939,30.359
-0.052,-0.336,0.965,-2.321,1.099,-1.008,30.336
-0.064,-0.339,0.965,-2.061,2.061,-0.855,30.375
-0.074,-0.342,0.956,-1.435,-0.794,-1.618,30.375
-0.061,-0.338,0.966,-0.870,-3.908,-2.687,30.344
-0.052,-0.334,0.975,-1.069,-1.298,-2.076,30.375
-0.058,-0.338,0.979,-1.191,-0.901,-1.740,30.312
-0.057,-0.338,0.974,-1.466,-1.588,-1.588,30.367
-0.055,-0.337,0.968,-1.817,-0.290,-0.809,30.352
-0.064,-0.335,0.964,-1.282,-1.023,0.427,30.312
-0.053,-0.335,0.963,-1.084,-1.481,1.069,30.352
-0.064,-0.336,0.956,-1.252,-0.275,1.588,30.391
-0.073,-0.336,0.953,-1.069,-0.992,1.115,30.320
-0.082,-0.339,0.947,-0.855,-0.427,0.260,30.328
-0.092,-0.340,0.944,-0.916,-1.389,-1.603,30.336
-0.084,-0.339,0.940,-0.916,-2.733,-3.557,30.367
-0.067,-0.335,0.939,-0.504,-2.687,-4.076,30.320
-0.056,-0.333,0.942,-0.489,-0.534,-3.344,30.344
-0.053,-0.335,0.947,-0.107,1.084,-2.122,30.359
-0.056,-0.338,0.948,0.534,1.939,-1.573,30.352
-0.061,-0.339,0.953,1.481,1.740,-1.420,30.391
-0.064,-0.343,0.959,2.351,-0.076,-2.076,30.352
-0.062,-0.342,0.963,2.611,-3.756,-2.977,30.344
-0.045,-0.334,0.974,3.115,-4.489,-3.069,30.320
-0.045,-0.335,0.984,2.824,-2.321,-1.664,30.367
-0.046,-0.339,0.991,2.107,-2.107,-0.672,30.305
-0.047,-0.339,0.991,1.221,-0.382,0.168,30.398
-0.054,-0.343,0.988,0.397,1.313,0.992,30.352
-0.060,-0.344,0.987,-0.015,1.710,0.824,30.367
-0.072,-0.349,0.979,0.031,1.069,-0.260,30.383
-0.077,-0.349,0.977,0.015,-0.916,-1.588,30.367
-0.073,-0.348,0.974,0.122,-1.038,-2.137,30.422
-0.073,-0.347,0.972,0.809,-1.298,-2.412,30.352
-0.071,-0.344,0.979,0.870,-1.099,-2.595,30.328
-0.070,-0.347,0.986,0.351,-0.305,-2.412,30.328
-0.068,-0.345,0.982,-0.473,0.489,-2.519,30.383
-0.066,-0.349,0.979,-1.374,0.519,-2.916,30.367
-0.055,-0.342,0.979,-1.756,-0.260,-3.466,30.398
-0.046,-0.340,0.974,-2.763,2.198,-2.733,30.344
-0.049,-0.342,0.966,-3.191,2.489,-1.939,30.383
-0.049,-0.340,0.965,-2.198,1.374,-1.939,30.375
-0.049,-0.340,0.967,-1.160,1.466,-1.466,30.359
-0.052,-0.339,0.973,-0.763,0.412,-1.328,30.391
-0.047,-0.339,0.977,0.290,-1.389,-1.450,30.398
-0.038,-0.334,0.983,0.427,-2.962,-1.252,30.383
-0.035,-0.333,0.988,-0.366,-0.977,-0.046,30.422
-0.050,-0.335,0.986,-1.282,0.244,0.992,30.383
-0.057,-0.337,0.977,-2.137,0.901,1.313,30.375
-0.068,-0.339,0.968,-3.237,2.275,1.176,30.367
-0.075,-0.342,0.964,-3.435,2.321,0.458,30.438
-0.080,-0.345,0.958,-2.687,0.595,-0.977,30.344
-0.073,-0.340,0.956,-2.168,0.046,-1.756,30.406
-0.068,-0.343,0.955,-1.573,0.489,-1.573,30.367
-0.069,-0.343,0.956,-0.382,-1.130,-2.000,30.406
-0.063,-0.341,0.955,-0.046,-1.664,-2.412,30.391
-0.059,-0.341,0.956,-0.672,-0.504,-2.015,30.398
-0.054,-0.339,0.958,-0.931,0.779,-1.450,30.344
-0.065,-0.341,0.957,-0.977,1.191,-1.298,30.398
-0.068,-0.341,0.957,-0.519,-1.084,-1.939,30.391
-0.057,-0.338,0.959,-0.550,-0.107,-2.061,30.383
-0.058,-0.338,0.964,0.076,0.947,-1.863,30.391
-0.059,-0.340,0.964,0.855,0.000,-1.817,30.406
-0.054,-0.337,0.964,1.038,-0.672,-1.954,30.414
-0.053,-0.337,0.968,1.313,-1.466,-1.893,30.391
-0.046,-0.334,0.976,1.160,-1.420,-1.924,30.422
-0.047,-0.334,0.980,0.443,-0.244,-1.588,30.430
-0.046,-0.337,0.981,-0.107,0.870,-1.176,30.406
-0.054,-0.339,0.973,-0.366,1.756,-1.374,30.422
-0.058,-0.341,0.972,-0.565,0.412,-2.153,30.406
-0.047,-0.340,0.972,-0.702,-0.336,-2.397,30.383
-0.040,-0.339,0.968,-0.794,0.534,-1.618,30.375
-0.041,-0.340,0.961,-0.534,0.870,-0.779,30.391
-0.043,-0.340,0.960,-0.275,0.550,-0.183,30.414
-0.048,-0.342,0.957,-0.015,1.176,0.031,30.438
-0.054,-0.343,0.960,0.214,1.405,0.015,30.398
-0.063,-0.347,0.964,0.702,1.313,-0.382,30.422
-0.063,-0.349,0.959,1.084,-0.458,-1.405,30.391
-0.048,-0.341,0.971,1.053,-1.145,-2.031,30.438
-0.040,-0.342,0.978,0.580,0.137,-1.206,30.406
-0.037,-0.339,0.981,0.031,0.962,-0.153,30.438
-0.042,-0.339,0.979,-0.336,1.649,0.611,30.445
-0.055,-0.343,0.980,-0.458,1.099,0.519,30.406
-0.054,-0.346,0.980,-0.336,-0.870,-0.443,30.453
-0.044,-0.342,0.981,-0.748,-0.809,-0.885,30.430
-0.043,-0.340,0.980,-1.313,0.214,-0.214,30.398
-0.044,-0.344,0.977,-1.298,0.321,0.183,30.406
-0.050,-0.347,0.971,-1.267,0.366,0.183,30.461
-0.056,-0.351,0.971,-1.420,-0.397,0.015,30.398
-0.056,-0.350,0.967,-1.191,-0.122,-0.748,30.461
-0.053,-0.351,0.961,-1.206,0.092,-1.053,30.422
-0.049,-0.351,0.956,-1.053,-0.168,-1.298,30.484
-0.049,-0.347,0.957,-0.519,-0.947,-1.542,30.406
-0.041,-0.347,0.964,-0.626,-1.160,-0.885,30.445
-0.036,-0.343,0.971,-0.870,-0.550,0.198,30.383
-0.036,-0.344,0.972,-1.160,0.427,1.206,30.484
-0.038,-0.342,0.972,-1.634,1.221,1.893,30.422
-0.043,-0.344,0.972,-1.847,1.756,2.244,30.422
-0.052,-0.346,0.966,-1.588,1.679,1.954,30.430
-0.059,-0.348,0.962,-1.542,1.160,1.267,30.469
-0.064,-0.350,0.957,-1.130,-0.962,0.122,30.406
-0.055,-0.346,0.960,-0.672,-2.275,-0.672,30.391
-0.050,-0.345,0.963,-0.595,-1.573,-0.550,30.445
-0.049,-0.344,0.965,-0.595,-1.542,-0.382,30.469
-0.044,-0.344,0.966,-0.687,-1.527,-0.168,30.453
-0.040,-0.343,0.965,-0.779,-1.084,0.153,30.414
-0.044,-0.343,0.964,-0.870,0.260,0.473,30.430
-0.051,-0.343,0.960,-1.053,-0.214,-0.061,30.430
-0.045,-0.340,0.959,-1.023,0.153,-0.473,30.414
-0.046,-0.338,0.958,-0.382,0.611,-0.412,30.422
-0.040,-0.337,0.960,-0.092,0.153,-0.153,30.438
-0.038,-0.337,0.967,0.351,-0.458,0.382,30.406
-0.041,-0.340,0.966,0.672,-1.634,1.038,30.477
-0.037,-0.339,0.969,0.260,-1.481,1.771,30.438
-0.037,-0.339,0.970,-0.107,0.122,2.809,30.461
-0.046,-0.343,0.968,-0.427,1.313,3.282,30.445
-0.058,-0.347,0.967,-0.260,0.000,2.382,30.445
-0.054,-0.345,0.971,-0.198,-0.321,1.634,30.430
-0.052,-0.346,0.971,0.031,-0.733,1.802,30.500
-0.050,-0.347,0.973,0.473,-0.931,1.527,30.453
-0.058,-0.348,0.974,0.443,-1.084,0.763,30.477
-0.058,-0.348,0.974,0.168,-1.099,0.595,30.414
-0.056,-0.349,0.971,-0.183,-0.260,0.611,30.492
-0.054,-0.348,0.968,-0.763,0.382,0.794,30.438
-0.058,-0.351,0.965,-0.916,0.290,0.824,30.445
-0.066,-0.349,0.960,-0.565,-1.634,0.412,30.484
-0.062,-0.348,0.958,-0.198,-2.076,0.382,30.414
-0.060,-0.348,0.961,0.137,-1.985,-0.015,30.484
-0.054,-0.343,0.964,0.489,-1.832,-0.672,30.492
-0.049,-0.342,0.966,0.534,-0.687,-0.519,30.398
-0.049,-0.342,0.965,0.427,0.412,-0.565,30.430
-0.044,-0.340,0.965,0.122,1.206,-0.366,30.453
-0.039,-0.339,0.967,-0.260,1.557,-0.137,30.477
-0.044,-0.340,0.969,-0.275,-0.137,-0.275,30.414
-0.037,-0.338,0.969,-0.458,-0.382,-0.107,30.492
-0.040,-0.339,0.966,-0.458,0.580,0.489,30.469
-0.043,-0.340,0.967,0.000,0.183,0.702,30.461
-0.049,-0.342,0.964,0.595,-1.374,0.260,30.422
-0.041,-0.342,0.973,1.023,-2.000,-0.244,30.445
-0.043,-0.342,0.979,0.931,-0.687,0.122,30.430
-0.043,-0.345,0.980,0.641,-0.061,0.244,30.484
-0.044,-0.344,0.977,0.397,0.366,0.366,30.445
-0.046,-0.344,0.975,0.366,0.092,0.779,30.469
-0.042,-0.343,0.976,0.031,0.565,1.206,30.453
-0.045,-0.345,0.974,-0.198,0.901,1.679,30.453
-0.047,-0.344,0.969,-0.214,1.191,2.000,30.469
-0.054,-0.346,0.966,-0.382,1.008,1.924,30.477
-0.052,-0.345,0.968,-0.275,0.046,1.466,30.500
-0.053,-0.342,0.973,-0.275,0.779,0.992,30.484
-0.055,-0.346,0.975,-0.168,-0.550,0.351,30.508
-0.048,-0.343,0.974,-0.229,-1.710,-0.015,30.461
-0.047,-0.340,0.973,-0.275,-0.947,0.031,30.484
-0.051,-0.342,0.969,-0.336,-0.229,0.351,30.477
-0.054,-0.342,0.971,-0.458,-0.183,0.183,30.461
-0.052,-0.342,0.973,-0.550,0.015,0.168,30.453
-0.052,-0.341,0.973,-0.779,0.855,0.244,30.508
-0.051,-0.339,0.968,-1.313,1.618,0.427,30.477
-0.049,-0.340,0.967,-1.344,1.557,0.412,30.438
-0.049,-0.338,0.962,-1.252,1.405,0.305,30.453
-0.055,-0.340,0.961,-0.672,0.244,-0.137,30.469
-0.056,-0.340,0.962,0.290,-1.527,-1.130,30.461
-0.052,-0.335,0.965,0.824,-2.107,-1.344,30.531
-0.047,-0.336,0.971,0.870,-1.802,-1.511,30.406
-0.044,-0.335,0.969,0.458,-1.328,-1.313,30.477
-0.037,-0.334,0.971,-0.382,-0.305,-0.489,30.445
-0.037,-0.332,0.971,-0.992,1.725,0.748,30.516
-0.044,-0.336,0.967,-1.420,2.382,1.573,30.469
-0.053,-0.337,0.962,-1.328,1.527,1.389,30.484
-0.056,-0.338,0.964,-0.901,0.763,0.763,30.453
-0.057,-0.341,0.964,-0.107,0.168,0.015,30.461
-0.051,-0.339,0.969,0.641,-0.901,-0.412,30.531
-0.043,-0.339,0.971,0.656,-0.015,0.031,30.484
-0.048,-0.342,0.973,0.397,1.053,0.458,30.469
-0.053,-0.344,0.969,0.351,1.557,0.366,30.469
-0.058,-0.343,0.964,0.015,0.824,0.061,30.469
-0.052,-0.340,0.968,-0.397,0.015,-0.153,30.516
-0.043,-0.339,0.969,-0.366,0.748,-0.046,30.500
-0.050,-0.343,0.964,0.046,0.840,0.137,30.477
-0.053,-0.344,0.963,0.504,-0.122,-0.412,30.477
-0.052,-0.346,0.962,0.626,-0.092,-1.038,30.508
-0.046,-0.345,0.959,0.611,0.397,-1.084,30.438
-0.040,-0.344,0.959,0.382,0.427,-1.053,30.453
-0.037,-0.339,0.962,0.061,1.008,-0.641,30.516
-0.038,-0.338,0.968,-0.015,1.481,0.046,30.453
-0.039,-0.338,0.975,0.153,1.496,0.641,30.469
-0.042,-0.339,0.977,0.519,1.130,0.336,30.508
-0.041,-0.339,0.979,0.534,0.855,0.427,30.523
-0.036,-0.337,0.982,0.122,1.267,0.718,30.523
-0.045,-0.340,0.977,-0.046,1.389,0.824,30.523
-0.047,-0.343,0.969,-0.260,0.061,0.672,30.477
-0.041,-0.339,0.968,-0.473,0.336,0.901,30.562
-0.044,-0.339,0.965,-0.412,1.069,1.038,30.492
-0.044,-0.339,0.967,-0.183,0.656,0.962,30.531
-0.047,-0.341,0.972,0.198,0.336,0.687,30.500
-0.046,-0.338,0.975,0.107,0.534,0.702,30.484
-0.050,-0.337,0.980,-0.122,0.748,0.962,30.492
-0.050,-0.338,0.981,-0.183,0.672,1.084,30.492
-0.046,-0.335,0.982,-0.641,0.824,1.435,30.508
-0.048,-0.337,0.979,-1.084,1.344,1.756,30.523
-0.053,-0.337,0.974,-1.145,0.931,1.496,30.516
-0.053,-0.335,0.971,-1.344,1.130,1.542,30.477
-0.057,-0.341,0.969,-1.298,0.397,1.740,30.531
-0.055,-0.340,0.965,-0.885,-0.244,1.115,30.531
-0.058,-0.342,0.960,-0.824,-0.748,0.595,30.594
-0.059,-0.343,0.955,-0.672,-1.450,-0.137,30.531
-0.057,-0.342,0.951,-0.336,-1.634,-0.595,30.484
-0.048,-0.341,0.951,-0.611,-1.130,-0.519,30.547
-0.040,-0.339,0.954,-0.397,-0.641,0.015,30.500
-0.038,-0.337,0.957,-0.168,0.489,0.779,30.516
-0.045,-0.338,0.961,0.198,0.534,1.267,30.539
-0.044,-0.338,0.974,0.855,-0.061,1.328,30.500
-0.048,-0.339,0.981,1.282,-0.031,1.557,30.500
-0.049,-0.341,0.985,1.359,-0.382,1.405,30.586
-0.049,-0.340,0.987,1.130,-0.504,0.855,30.539
-0.046,-0.342,0.988,0.519,0.168,0.595,30.516
-0.049,-0.341,0.989,-0.046,0.626,0.351,30.539
-0.050,-0.342,0.983,-0.763,-0.046,-0.122,30.508
-0.043,-0.340,0.982,-1.206,-0.473,-0.153,30.531
-0.041,-0.338,0.975,-1.359,0.412,0.458,30.523
-0.045,-0.338,0.974,-1.435,0.275,1.130,30.477
-0.052,-0.341,0.972,-1.435,0.290,1.344,30.492
-0.058,-0.342,0.966,-1.344,-0.137,1.237,30.547
-0.055,-0.340,0.965,-1.160,0.641,1.282,30.523
-0.058,-0.340,0.964,-1.008,1.267,1.313,30.539
-0.057,-0.339,0.965,-0.931,0.336,0.824,30.508
-0.055,-0.335,0.966,-0.565,0.168,0.870,30.562
-0.052,-0.331,0.967,-0.275,0.168,1.206,30.508
-0.050,-0.329,0.971,-0.046,-0.550,1.481,30.492
-0.044,-0.327,0.971,-0.076,-0.153,1.924,30.484
-0.047,-0.326,0.969,-0.305,0.901,2.473,30.523
-0.059,-0.332,0.965,-0.260,-0.321,2.122,30.531
-0.051,-0.330,0.971,-0.290,-0.763,1.252,30.508
-0.051,-0.331,0.968,-0.855,1.221,1.359,30.523
-0.057,-0.335,0.964,-0.733,1.878,1.084,30.508
-0.060,-0.334,0.955,-0.046,1.206,0.336,30.586
-0.054,-0.334,0.955,0.260,1.908,0.580,30.531
-0.051,-0.335,0.956,0.626,2.458,0.824,30.578
-0.047,-0.333,0.966,1.847,1.344,1.023,30.508
-0.049,-0.334,0.976,2.809,-0.183,1.313,30.562
-0.046,-0.334,0.992,3.237,-1.832,1.420,30.492
-0.050,-0.334,1.000,3.008,-1.634,2.092,30.531
-0.055,-0.337,0.995,2.153,-2.489,2.214,30.539
-0.044,-0.331,0.992,1.038,-1.924,1.817,30.539
-0.041,-0.327,0.987,-0.305,0.916,2.672,30.539
-0.049,-0.326,0.981,-0.763,1.985,3.008,30.516
-0.055,-0.329,0.972,-0.550,1.511,2.305,30.562
-0.059,-0.330,0.968,-0.366,0.260,1.008,30.555
-0.054,-0.327,0.966,0.321,-0.779,0.076,30.547
-0.050,-0.325,0.961,0.534,-1.145,-0.229,30.516
-0.042,-0.321,0.958,0.611,-1.267,-0.092,30.523
-0.032,-0.320,0.956,0.412,-0.824,0.489,30.578
-0.030,-0.316,0.958,0.198,0.763,1.466,30.562
-0.035,-0.320,0.955,0.427,0.458,2.183,30.547
-0.034,-0.321,0.956,0.916,-1.389,2.412,30.492
-0.032,-0.320,0.959,1.969,-2.107,2.534,30.547
-0.037,-0.323,0.959,3.130,-2.504,2.733,30.492
-0.040,-0.325,0.965,4.000,-3.679,2.641,30.516
-0.042,-0.321,0.977,4.351,-3.328,2.580,30.562
-0.040,-0.323,0.993,3.740,-2.427,3.328,30.570
-0.041,-0.325,0.990,2.458,-1.588,3.878,30.617
-0.042,-0.325,0.984,0.947,-1.908,4.046,30.531
-0.045,-0.327,0.971,-0.351,-0.183,4.305,30.539
-0.053,-0.334,0.960,-0.870,-0.092,4.214,30.594
-0.052,-0.338,0.951,-0.962,-0.809,3.740,30.578
-0.050,-0.340,0.952,-0.580,-0.702,3.634,30.578
-0.051,-0.344,0.960,0.183,-0.214,3.832,30.570
-0.060,-0.353,0.965,0.687,-0.458,3.221,30.594
-0.064,-0.354,0.969,0.824,-1.802,2.061,30.570
-0.066,-0.354,0.980,0.840,-1.649,1.725,30.547
-0.076,-0.357,0.985,0.656,-2.275,0.840,30.586
-0.075,-0.354,0.987,0.198,-2.809,-0.412,30.617
-0.079,-0.354,0.984,-0.611,-2.443,-1.237,30.586
-0.080,-0.354,0.977,-1.374,-2.122,-2.290,30.547
-0.075,-0.355,0.963,-2.153,-2.870,-3.771,30.547
-0.061,-0.347,0.952,-2.244,-2.916,-4.992,30.578
-0.057,-0.338,0.944,-1.634,-2.641,-5.511,30.555
-0.058,-0.333,0.944,-0.794,-3.481,-5.618,30.516
-0.053,-0.330,0.959,0.137,-3.939,-5.832,30.555
-0.052,-0.329,0.967,0.397,-4.137,-5.725,30.578
-0.045,-0.326,0.973,-0.275,-3.985,-5.282,30.555
-0.045,-0.326,0.964,-1.038,-1.878,-4.824,30.594
-0.047,-0.323,0.954,-2.107,-0.076,-4.336,30.547
-0.051,-0.323,0.950,-2.611,0.382,-4.168,30.555
-0.041,-0.325,0.954,-2.901,2.061,-3.954,30.617
-0.046,-0.321,0.946,-2.214,2.580,-3.710,30.641
-0.042,-0.325,0.946,-0.885,1.496,-3.450,30.578
-0.040,-0.327,0.949,0.153,0.427,-3.038,30.570
-0.042,-0.329,0.946,0.641,0.321,-2.595,30.594
-0.043,-0.331,0.947,0.733,0.137,-2.168,30.570
-0.042,-0.333,0.947,0.992,0.305,-2.198,30.625
-0.030,-0.332,0.954,0.901,0.809,-2.504,30.602
-0.023,-0.331,0.961,0.794,1.847,-2.183,30.570
-0.018,-0.329,0.970,1.160,1.740,-1.771,30.578
-0.021,-0.328,0.977,1.603,2.382,-0.718,30.562
-0.031,-0.328,0.985,1.939,1.588,0.656,30.625
-0.030,-0.328,0.991,1.496,2.290,1.634,30.641
-0.039,-0.329,0.991,0.611,2.824,2.473,30.594
-0.046,-0.333,0.991,-0.290,3.344,1.893,30.594
-0.048,-0.336,0.988,-1.267,4.015,0.763,30.633
-0.039,-0.340,0.983,-1.893,5.130,0.137,30.578
-0.037,-0.338,0.978,-1.481,4.489,-0.565,30.617
-0.026,-0.332,0.989,-0.718,3.130,-0.870,30.648
-0.025,-0.329,0.997,0.031,1.969,-0.153,30.617
-0.025,-0.326,1.002,0.550,-0.321,0.458,30.617
-0.024,-0.321,1.003,0.962,-2.107,1.099,30.586
-0.022,-0.320,1.003,0.718,-2.672,2.061,30.602
-0.016,-0.324,0.996,0.153,-2.351,3.252,30.578
-0.019,-0.327,0.983,-0.702,-0.916,4.031,30.609
-0.025,-0.329,0.977,-1.496,0.137,4.443,30.625
-0.030,-0.328,0.980,-1.649,0.504,4.748,30.609
-0.031,-0.334,0.982,-1.802,1.237,4.931,30.555
-0.044,-0.333,0.976,-1.725,0.809,4.626,30.586
-0.045,-0.335,0.984,-1.313,-0.931,3.954,30.609
-0.045,-0.335,0.984,-0.855,-2.916,3.038,30.609
-0.036,-0.330,0.983,-1.221,-2.840,3.191,30.625
-0.037,-0.334,0.985,-1.969,-1.420,3.756,30.602
-0.049,-0.336,0.986,-2.168,-1.206,3.954,30.602
-0.049,-0.339,0.984,-3.023,-1.038,4.076,30.602
-0.057,-0.338,0.985,-3.206,-0.214,3.817,30.617
-0.062,-0.336,0.991,-3.206,0.168,3.664,30.625
-0.069,-0.341,0.997,-3.008,-1.115,2.702,30.641
-0.071,-0.339,0.993,-3.267,-2.168,1.634,30.617
-0.069,-0.342,0.983,-3.740,-2.122,1.298,30.664
-0.064,-0.345,0.971,-4.076,-2.031,0.473,30.609
-0.063,-0.345,0.961,-4.382,-1.786,-0.473,30.586
-0.058,-0.345,0.961,-4.550,-1.771,-1.588,30.586
-0.059,-0.344,0.963,-4.397,-1.313,-2.748,30.617
-0.053,-0.340,0.965,-4.061,-1.893,-3.786,30.633
-0.039,-0.336,0.970,-3.893,-2.214,-3.847,30.617
-0.029,-0.335,0.971,-3.206,-3.160,-3.206,30.609
-0.019,-0.332,0.975,-3.038,-3.038,-2.153,30.672
-0.020,-0.334,0.973,-3.389,-1.557,-0.672,30.562
-0.022,-0.333,0.973,-3.542,-1.221,-0.107,30.625
-0.017,-0.330,0.967,-4.290,0.947,1.008,30.633
-0.023,-0.334,0.965,-4.809,2.641,2.427,30.688
-0.026,-0.335,0.966,-4.427,2.840,2.626,30.609
-0.030,-0.340,0.963,-4.611,2.656,2.611,30.625
-0.035,-0.342,0.962,-4.580,1.649,2.641,30.609
-0.033,-0.340,0.962,-4.107,1.313,2.550,30.641
-0.038,-0.341,0.956,-3.435,0.992,2.763,30.656
-0.038,-0.342,0.964,-2.489,-0.473,2.809,30.633
-0.037,-0.342,0.969,-2.214,0.458,3.176,30.664
-0.044,-0.346,0.974,-2.473,0.977,3.298,30.648
-0.048,-0.347,0.976,-2.626,0.412,2.901,30.641
-0.051,-0.347,0.978,-2.718,-0.641,2.168,30.656
-0.051,-0.343,0.978,-2.962,-0.489,1.847,30.648
-0.058,-0.346,0.971,-2.962,-1.099,1.924,30.656
-0.053,-0.343,0.964,-2.550,-2.229,1.023,30.648
-0.048,-0.343,0.961,-2.641,-1.450,0.382,30.633
-0.045,-0.341,0.962,-2.824,-0.718,-0.153,30.625
-0.042,-0.338,0.954,-2.748,0.107,-0.412,30.617
-0.042,-0.336,0.955,-2.397,-1.099,-0.855,30.586
-0.033,-0.334,0.963,-2.031,-0.656,-0.855,30.641
-0.037,-0.337,0.961,-1.802,-0.977,-0.779,30.641
-0.035,-0.335,0.961,-0.901,-3.740,-1.405,30.609
-0.025,-0.329,0.962,-0.458,-2.595,-1.115,30.602
-0.029,-0.333,0.965,-0.382,-1.679,-0.458,30.625
-0.027,-0.331,0.964,-0.260,-2.305,-0.336,30.641
-0.023,-0.330,0.962,-0.519,-1.344,0.305,30.695
-0.022,-0.332,0.969,-0.763,-0.809,1.389,30.641
-0.022,-0.334,0.973,-0.519,-0.122,2.412,30.656
-0.029,-0.339,0.970,-0.153,-0.733,2.992,30.641
-0.037,-0.342,0.971,-0.092,-2.122,2.763,30.625
-0.043,-0.346,0.969,0.229,-2.336,1.802,30.617
-0.045,-0.349,0.963,0.076,-1.878,0.901,30.617
-0.042,-0.350,0.958,-0.061,-1.618,0.122,30.664
-0.037,-0.347,0.956,-0.336,-0.809,-0.107,30.633
-0.033,-0.350,0.963,-0.779,0.351,0.550,30.648
-0.035,-0.354,0.969,-0.366,0.748,0.977,30.727
-0.040,-0.357,0.975,0.092,-0.214,1.206,30.633
-0.040,-0.359,0.984,0.275,-1.053,0.840,30.641
-0.039,-0.360,0.988,0.260,-0.061,0.916,30.680
-0.042,-0.362,0.980,-1.145,1.634,1.267,30.680
-0.051,-0.360,0.990,-2.382,2.916,1.053,30.688
-0.065,-0.360,0.996,-0.031,-0.015,-0.031,30.672
-0.065,-0.361,0.989,-0.427,-3.435,-1.008,30.680
-0.057,-0.355,0.993,-1.634,-2.366,-1.634,30.648
-0.053,-0.352,0.987,-1.573,-1.191,-1.954,30.609
-0.051,-0.349,0.972,-2.092,-0.534,-2.168,30.656
-0.047,-0.347,0.958,-2.504,-0.977,-2.916,30.703
-0.041,-0.342,0.949,-2.061,-0.794,-3.130,30.680
-0.040,-0.344,0.947,-1.985,1.023,-2.443,30.648
-0.047,-0.345,0.948,-1.115,0.137,-3.053,30.688
-0.040,-0.342,0.948,-0.305,-1.053,-3.618,30.719
-0.028,-0.339,0.956,-0.183,-0.611,-2.779,30.695
-0.018,-0.338,0.965,-0.427,0.794,-1.664,30.727
-0.020,-0.344,0.963,-0.687,-0.244,-0.733,30.648
-0.011,-0.339,0.971,-0.947,-0.656,-0.183,30.680
-0.023,-0.343,0.970,-0.809,-0.198,0.977,30.680
-0.024,-0.342,0.971,-0.840,-0.931,0.916,30.672
-0.031,-0.345,0.968,-0.992,-0.550,0.580,30.680
-0.032,-0.343,0.971,-0.840,-0.397,-0.336,30.695
-0.034,-0.342,0.969,-1.206,0.611,-0.137,30.688
-0.038,-0.346,0.964,-1.176,1.130,-0.427,30.703
-0.041,-0.342,0.960,-1.038,0.275,-1.069,30.648
-0.035,-0.342,0.968,-0.962,0.107,-1.130,30.758
-0.038,-0.344,0.971,-0.779,0.137,-1.328,30.727
-0.038,-0.344,0.973,-0.718,-0.412,-1.405,30.688
-0.039,-0.343,0.968,-0.992,0.290,-1.130,30.664
-0.039,-0.344,0.967,-1.145,0.366,-1.176,30.688
-0.040,-0.345,0.962,-1.359,0.244,-1.191,30.719
-0.042,-0.350,0.952,-1.405,0.611,-1.038,30.648
-0.052,-0.355,0.943,-0.779,0.534,-1.924,30.711
-0.052,-0.354,0.948,0.137,-0.702,-3.176,30.766
-0.049,-0.354,0.954,0.885,-0.656,-3.740,30.680
-0.047,-0.355,0.960,1.496,-1.176,-4.580,30.664
-0.042,-0.351,0.971,1.954,-2.061,-5.344,30.672
-0.041,-0.350,0.978,2.107,-1.649,-5.298,30.719
-0.038,-0.355,0.984,1.802,-2.870,-5.206,30.656
-0.029,-0.352,0.984,1.603,-3.038,-4.931,30.680
-0.027,-0.354,0.983,1.237,-1.969,-3.939,30.734
-0.032,-0.359,0.984,1.130,-0.321,-3.084,30.688
-0.044,-0.365,0.989,0.977,1.160,-2.718,30.703
-0.058,-0.372,0.994,0.672,1.939,-2.687,30.758
-0.068,-0.377,1.004,0.824,1.252,-3.832,30.742
-0.069,-0.379,1.011,0.641,0.504,-4.794,30.734
-0.062,-0.379,1.010,0.122,-0.382,-5.435,30.758
-0.054,-0.379,1.012,-0.137,-1.771,-5.954,30.688
-0.046,-0.383,1.012,-0.672,-2.855,-6.458,30.727
-0.047,-0.380,1.009,-1.710,-2.443,-7.267,30.742
-0.052,-0.373,1.004,-2.702,-1.496,-7.603,30.703
-0.048,-0.366,0.999,-4.153,-0.473,-7.924,30.750
-0.039,-0.358,0.990,-5.618,1.038,-7.710,30.703
-0.036,-0.353,0.973,-7.130,2.290,-6.794,30.719
-0.035,-0.354,0.947,-8.382,2.290,-6.092,30.711
-0.029,-0.354,0.914,-9.084,2.641,-5.954,30.695
-0.025,-0.354,0.889,-8.977,2.580,-5.420,30.688
-0.018,-0.355,0.884,-7.618,3.130,-5.542,30.766
-0.014,-0.350,0.887,-5.847,4.153,-5.710,30.750
-0.015,-0.347,0.904,-3.603,4.824,-5.252,30.766
-0.018,-0.345,0.930,-1.832,4.870,-4.733,30.711
-0.016,-0.350,0.952,-1.145,3.481,-4.519,30.727
-0.011,-0.355,0.957,-1.252,2.947,-4.427,30.703
-0.002,-0.358,0.949,-1.649,2.656,-4.214,30.719
0.014,-0.359,0.934,-2.687,4.107,-4.183,30.719
0.023,-0.361,0.919,-3.893,6.336,-3.710,30.688
0.020,-0.362,0.910,-3.847,7.328,-2.779,30.703
0.035,-0.363,0.918,-3.130,8.748,-1.344,30.742
0.031,-0.368,0.929,-1.679,8.840,-1.725,30.719
0.024,-0.372,0.945,0.641,7.573,-2.137,30.750
0.029,-0.379,0.962,2.458,4.809,-3.466,30.766
0.027,-0.378,0.983,3.282,1.069,-5.115,30.695
0.015,-0.370,0.989,2.061,0.611,-4.656,30.750
0.013,-0.367,0.999,-0.183,2.046,-1.969,30.750
0.011,-0.365,1.003,-0.977,1.481,-1.405,30.758
0.013,-0.371,0.990,-0.366,-3.588,-1.893,30.742
0.028,-0.360,0.962,-0.076,-5.481,-0.885,30.750
0.030,-0.360,0.932,0.702,-2.656,-0.092,30.711
0.024,-0.363,0.919,2.015,-1.618,0.107,30.695
0.029,-0.364,0.926,4.458,-6.916,-0.336,30.758
0.055,-0.353,0.926,6.550,-10.260,-0.107,30.742
0.074,-0.344,0.928,7.069,-7.878,2.504,30.703
0.076,-0.344,0.934,7.221,-5.237,5.878,30.727
0.065,-0.344,0.938,8.092,-4.504,8.992,30.750
0.061,-0.349,0.933,8.382,-2.748,11.542,30.750
0.052,-0.349,0.929,7.634,-0.931,13.237,30.758
0.056,-0.340,0.934,6.718,0.153,15.405,30.727
0.070,-0.316,0.962,5.405,3.634,17.878,30.727
0.093,-0.313,0.984,3.420,9.176,21.252,30.711
0.081,-0.327,0.998,2.702,11.527,24.763,30.734
0.066,-0.309,1.036,7.450,6.809,24.473,30.742
0.076,-0.319,1.025,14.870,-0.275,21.771,30.797
0.055,-0.285,1.004,18.885,-1.466,21.115,30.773
0.057,-0.322,1.057,38.931,24.641,26.321,30.727
-0.051,-0.345,0.909,47.740,29.176,31.267,30.711
-0.111,-0.331,0.865,40.305,9.038,32.076,30.781
-0.093,-0.347,0.932,35.359,-12.626,27.008,30.750
-0.089,-0.328,0.970,42.351,-23.878,20.931,30.734
-0.091,-0.298,0.993,50.015,-30.107,17.191,30.750
-0.106,-0.250,1.140,36.748,6.000,4.687,30.750
-0.181,-0.347,1.323,-7.511,113.282,-33.588,30.789
-0.326,-0.433,0.961,8.580,85.237,-51.817,30.766
-0.226,-0.333,1.035,22.748,-1.237,-47.511,30.742
-0.116,-0.320,1.116,-3.603,33.130,-36.214,30.766
-0.134,-0.333,1.076,-17.069,49.405,-28.351,30.750
-0.138,-0.325,1.021,-6.153,29.023,-33.832,30.773
-0.136,-0.315,0.904,1.038,13.893,-32.702,30.758
-0.104,-0.302,0.840,14.840,7.206,-16.824,30.812
-0.140,-0.247,0.742,20.031,11.176,-3.695,30.859
-0.187,-0.253,0.780,27.847,17.863,1.496,30.859
-0.149,-0.253,0.915,35.405,2.412,1.481,30.852
-0.094,-0.217,1.023,44.779,-15.115,1.435,30.836
-0.087,-0.215,1.069,50.992,-34.672,0.000,30.859
-0.077,-0.235,1.048,51.206,-65.557,-1.725,30.859
-0.097,-0.214,1.012,48.626,-97.511,-3.924,30.891
-0.075,-0.236,1.015,18.687,-90.626,-9.786,30.867
-0.171,-0.324,0.987,-48.260,-63.359,-14.153,30.906
-0.110,-0.170,1.046,-31.847,-56.809,-2.885,30.867
0.123,-0.103,1.039,-51.115,14.824,-7.221,30.859
-0.038,-0.186,1.113,-63.191,80.504,3.160,30.875
-0.162,-0.224,1.011,-66.824,97.435,21.496,30.836
-0.188,-0.229,0.916,-69.817,95.893,34.397,30.875
-0.147,-0.321,0.943,-71.206,98.412,44.870,30.844
-0.091,-0.420,0.996,-59.802,100.382,51.328,30.852
-0.175,-0.711,1.068,9.252,44.473,21.756,30.852
-0.216,-0.554,0.895,48.840,3.084,18.672,30.867
-0.215,-0.745,0.946,37.328,41.924,53.084,30.891
-0.089,-0.799,1.006,-3.695,86.489,77.847,30.820
-0.143,-0.244,0.991,-21.023,70.366,69.450,30.797
-0.252,-0.225,0.967,-4.840,56.916,40.855,30.812
-0.284,-0.278,1.010,-2.168,25.115,8.550,30.789
-0.335,-0.323,1.024,-5.740,-5.786,-7.969,30.812
-0.401,-0.362,0.968,-19.740,-53.191,-14.855,30.820
-0.397,-0.511,0.941,-43.435,-109.389,-2.748,30.859
-0.285,-0.663,0.930,-70.809,-153.374,37.466,30.773
-0.127,-0.817,1.060,-99.542,-135.420,84.504,30.789
-0.098,-0.806,1.155,-112.458,-68.672,121.771,30.820
-0.135,-0.555,1.204,-110.107,7.557,129.237,30.773
-0.246,-0.392,1.152,-98.840,46.336,119.893,30.766
-0.289,-0.360,1.070,-79.740,29.267,108.137,30.797
-0.244,-0.418,0.966,-64.275,14.840,91.847,30.758
-0.472,-0.309,0.286,-86.840,22.260,82.931,30.750
-0.604,-0.587,0.397,-138.626,-43.053,101.145,30.742
-0.338,-0.690,0.739,-136.702,-80.626,140.336,30.711
-0.255,-0.815,0.766,-128.489,-89.206,175.527,30.688
-0.132,-0.795,0.882,-120.046,-87.985,194.092,30.711
-0.086,-0.768,0.961,-107.344,-77.725,197.267,30.664
-0.045,-0.678,0.825,-101.695,-85.802,185.634,30.617
0.025,-0.589,0.800,-101.878,-92.626,156.779,30.695
-0.069,-0.581,0.782,-99.573,-92.260,121.695,30.648
-0.141,-0.580,0.778,-100.015,-89.267,94.290,30.609
-0.034,-0.517,0.816,-98.015,-78.321,59.115,30.648
0.089,-0.639,0.955,-86.718,-92.794,25.924,30.625
0.095,-0.712,1.187,-83.481,94.076,55.496,30.602
-0.499,-0.989,0.864,-44.244,101.344,71.588,30.609
-0.469,-0.915,0.840,-8.947,17.008,96.794,30.523
-0.463,-0.765,0.760,5.267,-1.603,132.855,30.547
-0.563,-0.792,0.721,23.908,-50.076,173.359,30.508
-0.502,-0.869,0.759,53.084,-67.099,217.099,30.516
-0.505,-0.963,0.724,75.832,-72.641,250.130,30.539
-0.541,-1.004,0.657,84.366,-91.511,250.130,30.562
-0.514,-0.860,0.620,95.405,-80.382,250.130,30.562
-0.494,-0.726,0.584,104.794,-17.985,250.130,30.508
-0.218,-0.589,0.624,103.115,32.641,250.130,30.477
0.473,-0.455,0.849,128.992,124.015,241.573,30.461
-0.100,-0.612,0.836,177.038,66.244,148.763,30.430
-0.255,-0.435,0.653,222.397,17.344,95.725,30.438
-0.435,-0.295,0.353,235.069,-19.695,73.908,30.469
-0.546,-0.241,0.223,216.580,-21.588,90.504,30.383
-1.013,-0.147,-0.274,153.939,-70.443,150.840,30.422
-0.698,0.080,-0.097,39.542,-69.710,238.427,30.406
-0.501,0.112,0.111,-51.481,-20.305,250.130,30.453
-0.370,0.088,0.477,-119.252,-31.634,250.130,30.383
-0.167,0.042,0.628,-146.687,-77.420,250.130,30.375
-0.080,0.053,0.700,-174.809,-71.069,250.130,30.375
-0.003,0.031,0.786,-187.603,-70.260,248.427,30.383
0.117,-0.124,0.814,-187.267,-84.031,191.985,30.375
0.289,-0.355,0.823,-158.885,-98.977,127.771,30.352
0.289,-0.470,0.714,-99.282,-103.511,74.519,30.328
0.189,-0.405,0.479,-51.344,-121.588,42.611,30.359
0.055,-0.218,0.334,-50.183,-131.099,30.641,30.375
-0.031,-0.068,0.356,-90.870,-125.527,32.382,30.336
-0.042,0.047,0.513,-153.038,-102.107,44.321,30.328
0.044,0.027,0.605,-211.099,-66.611,54.763,30.320
0.079,-0.087,0.784,-228.626,-54.366,64.458,30.320
0.124,-0.260,0.990,-187.893,-83.282,75.527,30.258
0.168,-0.345,1.123,-111.511,-151.328,90.977,30.305
0.413,-0.315,1.295,-25.328,-215.924,95.725,30.312
0.696,-0.262,1.482,38.947,-239.832,62.504,30.305
0.764,-0.196,1.535,63.359,-218.550,-2.565,30.258
0.523,-0.163,1.455,47.771,-183.099,-59.740,30.305
0.140,-0.190,1.378,1.221,-146.351,-69.908,30.266
-0.042,-0.264,1.404,-42.550,-101.023,-33.084,30.273
0.125,-0.320,1.435,-61.115,-65.176,2.656,30.250
0.413,-0.287,1.402,-51.710,-55.466,-1.328,30.258
0.457,-0.312,1.307,-29.542,-62.382,-24.519,30.227
0.388,-0.343,1.189,-5.878,-84.473,-43.023,30.227
0.348,-0.427,1.138,7.191,-79.756,-54.718,30.211
0.252,-0.439,1.203,0.427,-51.618,-60.458,30.195
0.228,-0.336,1.290,-10.763,-28.153,-68.763,30.195
0.211,-0.292,1.225,-19.160,-23.771,-83.298,30.219
0.244,-0.249,1.038,-20.550,-50.947,-104.305,30.250
0.299,-0.193,0.860,-24.137,-75.939,-127.603,30.227
0.213,-0.188,0.788,-36.458,-72.198,-133.344,30.195
0.172,-0.192,0.871,-46.229,-61.267,-122.031,30.211
0.203,-0.417,1.077,-39.649,-67.710,-109.832,30.188
0.204,-0.666,1.284,-23.206,-76.885,-103.176,30.211
0.338,-0.797,1.196,-3.756,-89.282,-108.626,30.203
0.394,-0.799,1.017,8.702,-124.000,-128.198,30.219
0.392,-0.682,0.852,-1.237,-152.672,-145.802,30.227
0.307,-0.606,0.777,-37.206,-147.038,-139.847,30.242
0.250,-0.966,1.234,-38.779,-105.802,-109.756,30.211
0.163,-0.758,1.032,-5.130,-98.748,-92.672,30.188
0.227,-0.551,0.693,-16.122,-108.275,-77.282,30.141
0.474,-0.128,0.968,-5.237,-104.809,-74.198,30.188
0.374,-0.179,0.810,5.557,-117.099,-60.061,30.156
0.398,-0.354,0.872,-0.321,-172.504,-41.710,30.211
0.346,-0.245,0.975,23.099,-189.954,-26.687,30.156
0.296,-0.210,0.675,28.107,-217.847,-4.580,30.180
0.484,-0.224,0.922,52.931,-233.802,-10.916,30.172
0.557,-0.519,0.567,55.038,-190.550,-18.076,30.156
0.682,-0.681,0.487,55.618,-189.206,-30.519,30.164
0.561,-0.569,0.703,34.718,-147.237,-46.427,30.141
0.491,-0.306,0.733,58.855,-195.725,-47.710,30.172
0.690,-0.327,0.840,37.542,-211.756,-40.061,30.133
0.637,-0.233,0.668,49.267,-217.313,-39.328,30.164
0.633,-0.247,0.504,76.229,-244.305,-33.588,30.164
0.720,-0.289,0.511,93.237,-243.466,-35.573,30.133
0.581,-0.356,0.301,135.710,-238.244,-57.389,30.133
0.485,-0.274,0.288,203.191,-250.122,-74.870,30.141
0.380,0.042,0.507,241.237,-250.122,-77.969,30.148
0.231,0.078,0.769,238.992,-250.122,-91.389,30.109
1.743,-0.220,0.690,250.130,-250.122,-250.122,30.133
2.521,0.187,0.986,250.130,-250.122,-250.122,30.156
1.180,0.144,-0.129,106.504,209.374,190.748,30.117
0.202,-0.064,-0.340,147.664,17.924,41.924,30.102
0.542,-0.054,-0.373,143.130,-240.168,-97.344,30.078
2.176,0.077,0.207,59.710,1.802,-9.908,30.125
0.382,0.081,-0.202,22.214,-12.076,-7.252,30.141
1.500,0.217,0.053,2.153,4.870,-5.282,30.102
0.862,-0.058,0.119,-1.679,31.466,-1.634,30.141
1.042,-0.006,0.106,0.122,62.443,7.878,30.094
1.017,0.028,0.143,0.260,80.061,4.794,30.109
0.976,-0.003,0.158,3.710,86.702,8.473,30.125
0.989,0.004,0.174,1.710,101.786,9.542,30.094
0.995,0.005,0.168,-0.198,122.351,9.756,30.094
0.972,0.003,0.191,-0.107,144.641,12.244,30.062
0.974,-0.000,0.228,-0.351,164.580,13.954,30.070
0.961,-0.005,0.268,-0.275,180.168,14.947,30.062
0.943,-0.009,0.308,-0.718,192.443,15.496,30.117
0.926,-0.012,0.345,-1.298,201.298,15.878,30.125
0.996,-0.071,0.493,3.924,191.069,9.450,30.086
0.814,-0.086,0.637,25.389,84.321,-1.573,30.094
0.673,0.049,0.548,26.702,-35.252,17.466,30.094
0.946,0.018,0.563,16.733,-87.298,17.603,30.102
0.923,-0.031,0.383,-0.443,-57.832,-2.336,30.023
0.960,-0.021,0.338,-0.656,-37.115,-1.511,30.078
0.943,-0.009,0.336,-0.534,-13.985,-0.748,30.078
0.949,-0.013,0.339,-0.565,8.901,0.916,30.078
0.937,-0.015,0.356,-0.580,27.435,1.969,30.070
0.934,-0.022,0.395,-0.046,36.397,1.496,30.078
0.897,-0.016,0.451,0.382,24.183,-0.366,30.086
0.889,-0.013,0.457,-0.412,-3.695,-0.290,30.055
0.916,-0.016,0.410,-0.885,-19.878,-0.244,30.078
0.938,-0.014,0.372,-0.595,-15.145,-0.290,30.047
0.936,-0.014,0.367,-0.534,-1.542,0.183,30.086
0.931,-0.015,0.383,-0.382,8.748,0.427,30.039
0.920,-0.016,0.408,-0.229,9.542,0.122,30.102
0.910,-0.015,0.417,-0.351,2.397,-0.168,30.109
0.918,-0.014,0.406,-0.504,-3.786,-0.382,30.062
0.928,-0.014,0.390,-0.458,-2.641,-0.229,30.047
0.927,-0.014,0.389,-0.366,2.031,-0.031,30.008
0.923,-0.015,0.400,-0.382,4.000,0.092,30.008
0.918,-0.014,0.407,-0.412,1.634,-0.015,30.023
0.921,-0.015,0.405,-0.534,-1.527,-0.092,30.094
0.927,-0.015,0.396,-0.489,-1.786,-0.122,30.070
0.927,-0.015,0.394,-0.382,0.794,0.000,30.086
0.923,-0.015,0.399,-0.397,2.504,0.046,30.086
0.919,-0.016,0.403,-0.382,1.573,0.015,30.062
0.919,-0.016,0.403,-0.504,-0.382,-0.122,30.047
0.923,-0.016,0.399,-0.458,-1.206,-0.122,30.070
0.924,-0.017,0.397,-0.473,-0.321,0.092,30.000
0.923,-0.016,0.399,-0.397,0.855,0.000,30.047
0.921,-0.017,0.403,-0.382,1.130,-0.061,30.047
0.921,-0.017,0.404,-0.427,0.290,0.000,29.984
0.921,-0.016,0.401,-0.504,-0.107,0.031,30.047
0.923,-0.016,0.400,-0.397,0.305,-0.015,30.078
0.923,-0.017,0.401,-0.443,1.038,0.031,30.047
0.919,-0.016,0.405,-0.427,0.794,0.092,30.031
0.919,-0.018,0.404,-0.427,0.092,-0.061,30.086
0.922,-0.017,0.402,-0.443,-0.275,-0.107,30.039
0.924,-0.018,0.401,-0.458,0.366,-0.031,30.055
0.923,-0.016,0.400,-0.504,0.977,0.092,30.023
0.921,-0.015,0.402,-0.412,0.641,-0.076,30.070
0.921,-0.015,0.401,-0.534,0.046,-0.107,30.008
0.923,-0.016,0.400,-0.397,0.168,0.031,30.047
0.923,-0.015,0.399,-0.443,0.901,0.000,30.047
0.922,-0.015,0.400,-0.412,1.069,-0.076,30.047
0.920,-0.016,0.401,-0.336,0.641,0.000,30.031
0.922,-0.016,0.400,-0.427,0.595,-0.122,30.031
0.923,-0.015,0.399,-0.412,0.855,-0.092,30.023
0.924,-0.015,0.399,-0.397,1.237,-0.046,30.078
0.922,-0.016,0.400,-0.412,0.947,0.000,30.039
0.923,-0.015,0.399,-0.382,0.702,0.046,30.031
0.919,-0.015,0.397,-0.397,0.779,-0.122,30.055
0.930,-0.016,0.401,-0.397,1.160,0.015,29.969
0.922,-0.015,0.402,-0.305,1.756,-0.076,30.047
0.923,-0.016,0.403,-0.366,1.374,-0.076,30.031
0.918,-0.015,0.404,-0.382,0.687,-0.046,30.062
0.920,-0.015,0.402,-0.458,0.229,-0.046,30.023
0.924,-0.015,0.402,-0.412,0.595,-0.061,30.078
0.923,-0.015,0.404,-0.412,1.023,0.107,29.953
0.921,-0.014,0.406,-0.427,0.748,-0.031,30.047
0.918,-0.017,0.406,-0.397,0.412,-0.046,29.984
0.916,-0.017,0.404,-0.427,0.122,0.000,30.008
0.927,-0.018,0.407,-0.443,0.809,0.061,30.000
0.920,-0.018,0.407,-0.382,1.038,-0.061,30.000
0.923,-0.018,0.411,-0.458,0.489,0.092,30.039
0.916,-0.017,0.408,-0.443,-0.565,0.061,30.047
0.921,-0.016,0.403,-0.519,-0.916,0.000,30.031
0.925,-0.015,0.402,-0.489,-0.229,0.046,29.992
0.923,-0.016,0.402,-0.473,0.397,-0.015,29.984
0.922,-0.016,0.402,-0.504,0.198,0.031,30.039
0.920,-0.015,0.401,-0.473,-0.214,-0.015,30.078
0.920,-0.015,0.400,-0.397,-0.336,-0.046,30.031
0.925,-0.016,0.401,-0.427,0.458,0.122,30.008
0.921,-0.016,0.402,-0.382,0.672,-0.015,30.008
0.925,-0.014,0.405,-0.458,0.183,0.015,30.047
0.918,-0.014,0.400,-0.443,-0.656,-0.168,30.047
0.925,-0.016,0.399,-0.443,-0.305,-0.031,30.102
0.924,-0.018,0.399,-0.427,0.595,-0.046,30.062

Terminating...
Thanks for using picocom
